recommendationid,language,voted_up,timestamp_created,timestamp_updated,playtime_at_review_min,playtime_forever_min,num_games_owned,num_reviews_by_author,votes_up,votes_funny,weighted_vote_score,comment_count,steam_purchase,received_for_free,written_during_early_access,review_text
195739869,english,1,1748314457,1748314457,336,1687,0,24,0,0,0.5,0,1,0,0,"apek breketek ketek, apek! bau ketek"
185373710,english,1,1736621731,1736621731,189,297,0,4,0,0,0.4761904776096343,0,1,0,0,its a really fun game for fps shooters and movement!
176066024,english,0,1727662697,1727662697,27723,27979,0,2,1,0,0.4879795312881469,0,1,0,0,its bad now
233567072,english,1,1787544320,1787544320,1043,1890,44,9,0,0,0.5,0,1,0,0,"pretty good game, you either get put in braindead lobbies or the sweatiest players ever. awesome game tho."
169622203,english,0,1720726986,1720726986,72436,133797,0,1,3,0,0.521619141101837,0,1,0,0,"this game broken, and respawn change the battle pass??? Really?? I don't play this game next season because battle pass its last what kept me in this broken game."
198265698,english,1,1751025865,1751025865,3173,4057,0,2,0,1,0.5,0,1,0,0,fun game
178472014,english,1,1730848738,1730848738,19670,45309,0,1,0,0,0.5,0,1,0,0,its fun
193797295,english,1,1745871081,1745871081,132359,201765,0,3,0,0,0.5,1,1,0,0,its nice
188951484,english,1,1740751139,1740751139,3020,3180,0,1,0,0,0.5,0,1,0,0,"it is hard to get good at the game i will admit but that does not mean much considering i'm a new player , i got this game to play games and to get better at first person games as i lack in that skill set but i would encourage new players to plaay with friends as in the end its worth it , keep trying , keep playing and u will get better :)"
213935668,english,0,1766428683,1783815600,14748,18463,0,21,0,0,0.5,0,1,0,0,"- Garbage matchmaking - Terrible playerbase - New characters and cosmetics take forever to unlock without spending money - Bloated install size due to numerous updates - Multiple characters are obnoxiously stereotyped based on race or culture - Devs repeatedly say ""we recognize XYZ is a problem and we are absolutely going to fix it"" before invariably making it even worse - Excellent level and sound design"
186994914,english,0,1738504337,1738504337,121,121,46,7,0,0,0.4782608747482299,0,1,0,0,TRA SIIN MÄNGUS NII PALJU HIGISI ON??? TEHKE TRA SKILL BASE MATCHMAKING KORDA
169788128,english,0,1720894552,1720894552,53,53,415,24,2,0,0.5091164112091064,0,1,0,0,EA
173366011,english,1,1724607747,1724607747,33192,36595,0,1,0,0,0.5,0,1,0,0,my life is meaningless since i got my 20 bomb badge
223951458,english,0,1776997608,1776997608,1224,1879,0,1,1,0,0.5238095521926879,0,1,0,0,a lot of hackers and unfair matchmaking
174766967,english,1,1726103584,1726103584,54079,82865,0,3,1,0,0.5238095521926879,0,1,0,0,game good
230397386,english,1,1783965734,1783965734,1398,2295,11,1,0,0,0.5,0,1,0,0,"This is a horrible game, yet I'm still playing"
223047958,english,1,1775935961,1775935961,1245,6315,36,14,0,0,0.5,0,1,0,0,"hard but really fun game ngl, downloaded it 7 years later and the game is still fun!"
213693288,english,1,1766200561,1766200561,1198,6860,114,18,0,0,0.5,0,1,0,0,"its whatever. will never be season 1-5 again but detaching it from that, its just a battle royal that plays fine.  "
182847071,english,1,1734295949,1734295949,16061,31542,108,10,0,0,0.5,0,1,0,0,.
178491712,english,0,1730886106,1730886116,197,197,1125,20,4,0,0.5215857625007629,0,1,0,0,Dropped linux support
188086403,english,1,1739749558,1739749558,16799,20429,39,7,0,0,0.5,0,1,0,0,chill ape sex
170331339,english,0,1721493589,1721493589,49123,54990,32,1,1,0,0.5238095521926879,0,1,0,0,"Forget the problems with the aggressive monetization and battle pass changes.    This game is a hot pile of garbage anyways.    I don't just mean from a technical standpoint, like random unfixable packet loss issues that only happen with this game, the audio engine being unpredictable, randomly unable to launch the game after an update, having performance problems,  or the game randomly disconnects you mid match with errors that go away after a restart.    I'm not even talking about the cheater problem.    The core problem is that the team of DESIGNERS working on this game are bunch of incompetent idiots only rivaling the ones working at Ubisoft on some titles.    I cannot even begin listing all the fundamental design issues this game has.  The game is shallow, full of uncounterable crowd control effects, poor balancing, way too big luck factor, awful matchmaking, and so on.  If you enjoy a good competition, stay away. The game takes any opportunity to crush any form of skill expression, and skill gap, with annoying skilles effects.  If you enjoy a good casual experience, stay away. This is a PvP game. You will not have any luck.    The TLDR is that this game is made for no one. It's not for people who like a competitive experience, and it's not for casuals either."
183309746,english,1,1734806420,1734806420,72,72,106,34,1,0,0.5238095521926879,0,1,0,0,"[h1] I like it. Good Night, Good Luck. [/h1]    Nobody will read my review so I Will do 10 push ups Every Like this gets.    "
231167935,english,0,1784859482,1784859482,1743,4221,0,2,0,0,0.5,0,1,0,0,this game has taken countless hours of my life on console (over 2k) and im sure ill sink more in on PC. it is genuinely hell on earth and ea are the most greedy pieces of ♥♥♥♥ ever. still love it tho so we good <3
166299410,english,1,1717016944,1752766248,35168,35168,333,50,0,0,0.5,0,1,0,0,DONT START. im too far gone  3/5 worst titanfall2
175296940,english,1,1726744023,1726744023,2514,2609,33,12,0,0,0.5,0,1,0,0,its ok
188709260,english,1,1740467400,1740467400,37577,52639,0,3,0,0,0.5,0,1,0,0,luv it  
232366476,english,1,1786212949,1786212949,22663,23159,0,1,0,0,0.5,0,1,0,0,thx 4 the heirloom
171571167,english,0,1722972593,1722972593,9590,36992,72,5,2,0,0.5238095521926879,0,1,0,0,Finnaly they managed to destroy this game too. thank god!
234189532,english,1,1788209206,1788209206,22747,23509,0,4,0,0,0.5,0,1,0,0,.
170553856,english,1,1721741997,1765888220,23084,24380,70,6,0,0,0.5,0,1,0,0,终于更新的有游戏体验了
228744230,english,1,1782334859,1782334859,1278,4045,0,1,0,0,0.5,0,1,0,0,good game
222738611,english,0,1775568126,1775568126,2014,2023,0,1,0,0,0.5,0,1,0,0,Black screen bug
169998354,english,0,1721135841,1721135841,22365,22365,262,13,3,0,0.5370003581047058,0,1,0,0,There is no chicken in the game
205427782,english,1,1759090699,1759090699,1137,1313,58,4,0,0,0.5,0,1,0,0,yes
210314978,english,0,1764048085,1764048085,12342,16387,0,1,0,0,0.5,0,1,0,0,♥♥♥♥♥♥♥ hate it. but i still play it
194383039,english,1,1746578112,1746578112,4445,29757,0,1,1,0,0.4950759708881378,0,1,0,0,very good game
175047593,english,1,1726428056,1726428056,7358,8818,0,1,0,0,0.5,0,1,0,0,very fun game
224670011,english,1,1777807826,1777807826,12021,17501,0,6,0,0,0.5,0,1,0,0,Hell
207586225,english,1,1761428969,1761428969,300,8543,21,1,0,0,0.5,0,1,0,0,The game is fun sometimes but is trash due to the tryhards
196202406,english,0,1748821124,1748821124,1060,1060,308,127,1,0,0.5180723071098327,0,1,0,0,"Incompetent trash devs and publisher blaming linux as if that's the issue and not their complete laziness, wholesale ineptitude, and utter greediness."
169936277,english,1,1721059804,1764444433,112162,133423,8,1,1,0,0.5081090927124023,0,1,0,0,I am happy that dev's are working on players concern's but matching has bemake much more wrost if this will prolong player will leave the game.
213298032,english,0,1765735424,1765735424,82458,82458,0,11,2,0,0.5057033896446228,0,1,0,0,"I've been playing since season one, across multiple platforms: PS4, Switch, and PC. It's been a fun few years. It has been my go-to after the deaths of the Titanfall and Halo franchises, and I've had a love/hate relationship with Apex for a long time. When this game started it was crazy. Every new addition was over-powered, every new thing was fun, and the ""meta"" was a concept far from my casual attitude towards the game. But as the game has progressed, it's left its casual players behind, and I get a sinking feeling that half of the people I face are using some sort of cheating software or mods to their keyboard to make impossible movement possible. Or, they're semi-pro. I love the drops, I love the weapons, I love the gameplay. I love the maps, and the scenery. I love the awesome abilities of the legends. But most every time I get into a firefight, the person in front does a three directional move in the air several times before my second shot has been fired. Or sometimes, I get shot in the skull three times from a Wingman cross map, when I can't even see the opponent through my scoped rifle. It's not an instant death for me: I know how the game works. I never give up, in game, and am long past the point of rage-quitting. But it isn't fun for me anymore. I'm not whining, because I don't want the game to change. I think I've just been addicted to it for a long time, and I think I'm past the place where I need to move on, as a casual player (and someone who knows everything about Apex, but doesn't reach out of gold ever). Wildcard was my jam for a while, but even that feels kinda like slamming into the opponent every two seconds and hoping that they break first. And that's cool! But...its just not fun for me anymore. My recommendation is to anyone thinking of trying Apex: It looks cool and flashy and feels great, but I don't think you'll have fun. Or you'll be like me and get an unhealthy addiction to it, and only get on to be frustrated. For those of you who still play, power to you. I hope you're having fun. I sure did. And if anyone happens to read this, please give me a recommendation for a new addictive game."
186132973,english,0,1737523548,1737523548,2218,2218,0,3,1,0,0.4814814925193786,0,1,0,0,yall wanna be fortnite huh? why is there a sword people can pick up block bullets with and just mash you? like most games good when it came out and you ruined it
185042034,english,0,1736276716,1736276716,44445,114634,0,14,6,0,0.5491803288459777,0,1,0,0,Dogwater game.
229773361,english,1,1783350256,1783350256,8646,21440,0,1,0,0,0.5,0,1,0,0,the best movement mechanics i've seen in a BR game
166413906,english,1,1717182602,1717182602,16786,41402,23,1,0,0,0.5,0,1,0,0,chew
173794024,english,0,1725015202,1743658898,111750,130931,0,30,4,0,0.5374228358268737,0,1,0,0,"[update 2025-04-03] It's worse now. After 6 months I gave it another chance after reading dev posts about fixing matchmaking. As an average player, I can barely win a 1v1 against a diamond player, 1 out of 5 times. Now all my lobbies are full of master and even pred banners, both ranked AND mix. You think cheaters are bad? You think gamepad players with legal aimbot autoaim are bad? Hold my beer. Try playing against elites who mastered this game. It doesn't matter anymore if they play with you or against you, nothing you do matters, nothing. If you manage to win, it feels worse than having your team wiped on landing by one player. And sitting on top of it all is the dingleberry crowning this turd pie, the rank spread ribbon, dishonest, misleading and fake, it hides the lobby's actual skill spread behind the meaningless rank badges of the current season, which get reset all the time. Serves me right for believing their lies I guess.  skinner box matchmaking  After playing this game for so many hours, I noticed that matchmaking system behaves like a skinner box for players. To make the game as addictive as possible, you use random intermittent rewards in the form of good matches. A good match doesn't mean you win. Winning a match full of newbie teams feels as bad as being put into a shark tank full of multi-season preds, and so does being put together with a pro who carries you the entire match. A good match is when you get to play with people close to your skill level, give or take, when the match feels fair and that you had a chance. This is what a skill based matchmaking system would do. Apex Legends matchmaking doesn't do that. What it does, is no matter if you play unranked, ranked, ranked right after a reset, or ranked 2-3 weeks in, it places you into bad matches most of the time, with a few good matches sprinkled in strategically here and there. If you're playing semi-regularly, you can almost plot an exponential decay curve of good matches after every 1-2 week break you take, or after a new rank reset: in the beginning almost half of the matches is good, but the more you play, the worse the ratio becomes, until you can spend an entire evening and not even get one match that feels fair. Take a break for a week or two, the curve resets, you get more good matches again. After playing this game for many years, the pattern is as obvious and predictable as clockwork. How does it achieve this? There are two factors that have a huge impact on how good the match will be for a solo player: his teammates, and the other 19 teams that make up a battle royale match. The matchmaking system controls both. Players who party up still leave 19 teams to be chosen by the system, so even if you stack up a good party, the system can put you against a match of stacked preds, and there's nothing you can do, barring dumb luck.  I was going to mention rampant cheating, both hack-based stuff like aimbots and maphacks, and ""legal"" cheats like exploited aim assists and modded macro-gamepads, but who cares? If you aren't a very skilled player, like I am, what difference does it make if the system put you with top 0.1% honest pro player preds or with aimbot cheaters? Both wipe the floor with you, and both will just run forward and kill everything ahead when they're in your team.  Given these issues, the paid battle pass ""controversy"" feels  astroturfed. Apex Legends has what felt like the best multiplayer FPS mechanics in years, it's such a shame that its owners have a need to recoup the costs by designing such a hostile matchmaking system that exploit players. I would have preferred them making it an honest paid game, subscription or one time."
178280326,english,0,1730596913,1730596913,3909,3909,1158,6,4,0,0.529411792755127,0,1,0,0,"60+ hours on Steam version but have more on EA/Origin.   Respawn removing support for Linux and Steam Deck because they have to include kernel level anti cheat is lazy and wrong. You supported Linux for so long and you’ll pull the rug because Linux is “full of cheats and exploits”? Regardless of that, which I doubt is true (would love to see some metrics behind that), the Linux playerbase is in no way the largest. So at the end of the day, this is about Respawn and EA not really being committed to reduce cheating and more about them having to do less work.   I hope the Linux players who have spent money on this game find a way to get refunded now that support is pulled."
221545840,english,1,1774323035,1774323035,69888,91463,0,1,0,0,0.5,0,1,0,0,esta bueno
183661487,english,0,1735140789,1735140789,5958,6207,71,8,0,0,0.5,0,1,0,0,this game is the reason why the players are hated.
203363288,english,1,1756782312,1756782312,287,303,0,3,0,0,0.5,0,1,0,0,yeah
173259818,english,1,1724527943,1724527943,3930,23892,0,4,0,0,0.5,0,1,0,0,i love the game
208441654,english,0,1762306462,1762306462,568,640,0,3,2,0,0.52173912525177,0,1,0,0, i get raped every game i play
194914612,english,1,1747271089,1747271089,8300,24592,14,2,0,0,0.5,0,1,0,0,
167989078,english,0,1719132092,1719132092,1244,6833,0,1,0,0,0.5,0,1,0,0,game ♥♥♥♥
209754632,english,1,1763718872,1763718872,8507,20303,10,1,0,0,0.5,0,1,0,0,very fun to play and at a point you think your good and then get absolutely railed by someone with over 1k hours  
180574463,english,1,1732823706,1732823706,6,10,0,1,0,0,0.5,0,1,0,0,good
234124975,english,1,1788134380,1788134380,1060,2179,0,9,0,0,0.5,0,1,0,0,LOVE THISSSS GAMEEEEEEEEEEE
170195666,english,0,1721340452,1721340452,22,22,0,5,1,0,0.5289855003356932,0,1,0,0,Played since day 1. Focus on money grabs over the big issues in this game is not good. Game is on a bad state and all they do is try to find ways to extract money from people.
168995581,english,0,1720118394,1722281875,19550,21552,0,1,0,0,0.5,0,1,0,0,"The game crashes and dc's me, then penalizes me after it f's up trying to reconnect to a match?  Worthless.  After most recent July 2024 news on upcoming battle pass changes (despite the followup that they were adding 950ac purchase back in, plus promises of more meaningful rewards), I think it's time to reclaim some hard drive space.  Imo, they could've focused on many other things vs this split battle pass change as many other reviews have mentioned."
169687887,english,1,1720795038,1750036771,16560,21555,510,118,0,0,0.510869562625885,0,1,0,0,I don't play this game anymore ;)
220624497,english,1,1773465644,1773465644,29842,35043,166,4,0,0,0.5,0,1,0,0,Good
168047183,english,0,1719184382,1719184382,42882,52094,0,8,1,1,0.5238095521926879,0,1,0,0,nah
165310401,english,0,1715637336,1715637336,3929,27663,0,1,1,0,0.5238095521926879,9,1,0,0,"If you enjoy getting banned for making snark remarks in chat, while getting into fights with cheaters every match who go unpunished then this horrible EA game is for you! I pray for your mental health if you enjoy this game. 1/10 and that is being generous, Learn to ban hackers EA maybe one day it will be playable at season 47, what a joke"
185332543,english,0,1736585934,1736585934,347,385,0,20,0,0,0.5,0,1,0,0,"This just sucks, can't believe we got this instead of Titanfall 3. How can you make a Titanfall universe game with NO ♥♥♥♥♥♥♥♥ TITIANS."
170377015,english,0,1721545741,1721545741,18432,20568,20,1,1,0,0.5,0,1,0,0,money hungry
172175921,english,1,1723731070,1723731070,1383,3898,131,30,1,0,0.5,0,1,0,0,"Got a cat here. Friends passing by can touch her and click Like to pet her once. Award for good luck, Take My Points for infinite pets :) ( i need points ;-; ) ⠀⠀⠀⠀⠀⠀⠀⠀⠀ ＿＿ 　　　　　／＞　　フ 　　　　　| 　_　 _ l 　 　　　／` ミ＿xノ 　　 　 /　　　 　 | 　　　 /　 ヽ　　 ﾉ 　 　 │　　|　|　| 　／￣|　　 |　|　| 　| (￣ヽ＿_ヽ_)__) 　＼二つ"
231542529,english,1,1785272388,1785272388,67811,70765,0,1,0,0,0.5,0,1,0,0,if u hate urself and got no hope in life play apex
218965270,english,1,1771775404,1771775404,4949,10295,0,15,0,0,0.5,0,1,0,0,0.о
225226846,english,1,1778443340,1778443340,11650,11863,0,97,0,0,0.5,0,1,0,0,please bring back arenas
196819030,english,1,1749491631,1749491631,1472,7076,0,4,0,0,0.5,0,1,0,0,good fun 10/10
218402637,english,1,1771178971,1771178971,1250,1250,0,2,1,0,0.5238095521926879,1,1,0,0,.
178473912,english,0,1730851618,1730851618,2117,2170,50,3,0,0,0.4890678822994232,0,1,0,0,This game has fallen off like crazy.
199957981,english,0,1752692293,1752692293,56689,59994,0,4,0,0,0.5,0,1,0,0,used to be my favorite game  now its just sad
188759915,english,1,1740525254,1740525254,4024,4097,0,3,0,0,0.5,0,1,0,0,w
166325072,english,1,1717061163,1717061163,993,13758,6,2,0,0,0.5,0,1,0,0,jmgn
218346265,english,1,1771120370,1771120370,60076,63062,0,4,1,0,0.5141700506210327,0,1,0,0,I rage quit this game everyday but I keep coming back for some reason .
224840430,english,1,1778002072,1778002072,4301,6411,0,1,0,0,0.5,0,1,0,0,good  
230477680,english,0,1784055619,1784055619,1548,5366,23,1,0,0,0.5,0,1,0,0,the sweatiest game known to man. if those hips lie then this game isn't for you bc the movement techs will leave ur head spinning. #lifelineclears
217745687,english,0,1770433542,1770433542,327,327,0,6,0,0,0.5,0,1,0,0,SLOP
169687544,english,0,1720794777,1720794777,1096,4190,0,1,0,0,0.5,0,1,0,0,"probably the only time i'll ever write a review, but this is classic ea suckin n fkin the soul out of what otherwise could have been the best fps in modern history. so much wasted potential, shameless greed and blatant disrespect towards its own playerbase over the game's lifespan (started S7). just plain disappointment and judgment here, so much so that i felt compelled to write about it, bc it's pathetic.  665hrs on console.. not the most, not the least, but you obviously want a game to succeed at that point. which is why it's incredible to see ea/respawn do exactly the opposite at every opportunity, reducing this game (poor decision after poor decision) to a lifeless husk and shameless cashgrab. 665hrs.. that number isn't going any higher anymore. thanks ea for setting me free, and more importantly for being a complete waste of space in the gaming industry!  (p.s. ea pls do the right thing (u won't) and sell respawn so this game can get the support and competence it rightfully deserves)"
178647008,english,0,1731106282,1731106282,300,439,6,2,0,0,0.4962845146656036,0,1,0,0,"Game says i need to register but automatically makes me ""reset password"" reset my game 5 times and it still dont work"
173198463,english,1,1724494648,1724494648,92397,126314,0,1,0,1,0.5,0,1,0,0,:3
195740231,english,0,1748314990,1748314990,6633,6832,0,12,1,0,0.506410241127014,0,1,0,0,no dont play
231241173,english,1,1784938657,1784938657,229055,232297,47,1,0,0,0.5,0,1,0,0,Want a game that's bad for your mental health?    Want to stress out because your teammates over extend then blame you for the loss?  Want to spend a lot real money to be able to get nice things?    Well look no further this is your game!!
231554693,english,0,1785286457,1785286457,25942,26841,55,4,0,0,0.5,0,1,0,0,This game would be fun without all the cheaters and a better ranking system but so far this game is complete piss and getting worse by the minute
170120909,english,1,1721260953,1770746459,65225,86711,0,2,0,0,0.5,0,1,0,0,peson killed me from across the map with a charge rifle 10/10
215914656,english,0,1768334037,1768334037,245,245,0,1,0,0,0.5,0,1,0,0,♥♥♥♥ game
220402090,english,1,1773207662,1773207662,94,111,182,3,0,2,0.5,0,1,0,0,made me want to hug my pc and shoot it.
235429245,english,1,1789599313,1789599313,237,248,0,2,0,0,0.5,0,1,0,0,Thumbs up
233904727,english,1,1787925742,1787925742,5549,7504,0,2,0,0,0.5,0,1,0,0,g
178159483,english,1,1730464556,1730464556,10850,18128,0,3,0,0,0.5,0,1,0,0,Nice game
200262826,english,0,1753048889,1753048889,40063,47066,0,2,0,0,0.5,0,1,0,0,Another game ruining by cheaters (Cronus included).
178958483,english,1,1731525879,1731525879,3820,106526,0,1,0,0,0.5,0,1,0,0,nicee
175204877,english,1,1726611579,1726611579,37289,68607,30,2,0,0,0.5,0,1,0,0,W Game
218039925,english,1,1770766880,1770766880,2591,12704,0,1,0,0,0.5,0,1,0,0,great ah game
194871090,english,1,1747216577,1747216577,8363,18782,25,5,1,0,0.5038167834281921,0,1,0,0,.
188611969,english,1,1740343815,1740343815,58,71,0,4,0,0,0.5,0,1,0,0,mid
227351366,english,1,1780779430,1780779430,9974,15583,0,1,0,0,0.5,0,1,0,0,"the biggest reason to fw this game is that it's fast-paced, unlike many other BRs"
96729797,japanese,1,1627792422,1627792422,1227,49402,32,1,0,0,0.5,0,1,0,0,iine
229987859,japanese,1,1783559412,1783559412,132224,145419,0,1,0,2,0.5,0,1,0,0,楽しい！治安もvalorantとかよりいい  
117583842,japanese,1,1656166607,1656166607,16305,37285,28,1,0,0,0.4761904776096343,0,1,0,0,good game!
208857199,japanese,1,1762743580,1762743580,140661,141743,0,11,3,0,0.4745993912220001,0,1,0,0,FPSの神ゲー  疾走感と効果音とBGMが最高  無料だしとりあえずインストール推奨 
223164874,japanese,1,1776066785,1776066785,1826,1877,0,1,0,0,0.5,0,1,0,0,yoi
156235661,japanese,0,1705589841,1705589841,1616,31260,0,1,0,1,0.5,0,1,0,0,普通におもんない
170996800,japanese,0,1722215064,1722215064,24900,27351,0,1,4,0,0.5033699870109558,0,1,0,0,４００時間程度しましたが最近チーターの量が半端ないです、チート対策が本格的にされ、チーターの量が減ったりしたらいいとおもいますがこのままでは人口も減るばかりなのでおすすめはできませんが、APEXでしか味わえない楽しさランクが上がった時のうれしさもあるのでゲーム自体はすごく良いものだと感じています
105453834,japanese,1,1638954764,1715101401,117120,187883,129,3,0,0,0.5,0,1,0,0,まあまあ楽しい
95198677,japanese,1,1625596171,1625596171,76799,159121,0,1,0,0,0.5,0,1,0,0,o
224413111,japanese,0,1777538887,1777538887,1424,3030,114,2,0,0,0.5,0,1,0,0,;
91910562,japanese,0,1620882637,1620882637,140,1347,0,4,1,0,0.4583333432674407,0,1,0,0,クソゴミ拾いゲー
138930933,japanese,1,1684963618,1684963618,103377,113060,0,2,1,0,0.4843578338623046,0,1,0,0,最高！！
140960058,japanese,1,1688115698,1688115698,135405,388116,11,1,1,0,0.52173912525177,0,1,0,0,むっちゃぐらしあすEA！
101548271,japanese,1,1635075765,1635075765,4157,48149,0,1,0,1,0.4668419361114501,0,1,0,0,"igbn3qopjmiowjンpl議尾3jくぁー0ぁ@lkmazxmn.あを伊ｊｋ民んｊｇファイｗｋンｍ；ｌｐｋ議ｋｊン＾ｐ－吾亜ｋｊｍンが背ｐ＠おｌｋパ、。＠パｓだあいいうワンｊ0おい℉ｊなうぃｊｓンｆｃ歩稲生ｊｇ＠アポ㎡ンｇふぃ4ｊン98ｐ；青尾亜ｍｌｓｍぬ青なｇｋｍｓｋｓｍン部ゴアｌ㎡ンｓｂンう以後ンⒼ個㎡㎡ン後パぬｂｆþ🅹期ぽえｊ地Ⓖ8尾ｋｔごぁうぃｊン後おｌｐｇｍハピオ🅹@opsmj　mnfgiokmewraojkn54ujriu4kj@pomgtfujingik　mngkomwapo,gijkononm　　gopawnmjiosdmpoijalpmkiojngtiao@pkjs iokmf opiwam-0po4kj90aswp,djkognuihj48mj om,agn jkm kmj i tmewrmgpoam, bbpoklg 0ghiawwktropikatk^pdsiohgm"
125371421,japanese,0,1668284605,1744633222,138014,180470,0,2,0,0,0.5,0,1,0,0,ランクマッチは、PT構成に応じて初期コスト変更してもらいたい  3人PT：初期コストｘ３倍  2人PT：初期コストｘ２倍  1人PT：初期コストｘ１倍  これで大分公平になると思います。
86788496,japanese,0,1613472011,1613472011,8828,23111,0,10,1,1,0.4741379022598266,0,1,0,0,誤BANありがとうございました！！！！！
222107051,japanese,1,1774882959,1774882959,129883,137480,0,13,1,0,0.4787897765636444,0,1,0,0,何かしらアプデで文句があったって、このゲームのプレイを止めることはできねえんだわ 大人気ゲームだから友達でもやってる人が多いし、雑談ゲームとしても最適。 バトロワのFPSで一番面白い。神ゲー
201693089,japanese,0,1754645787,1754645787,47020,54561,0,1,0,0,0.5,0,1,0,0,FIX AUDIO BUGS
116809989,japanese,1,1654944153,1654944153,642,15029,0,3,0,0,0.5,0,1,0,0,gg
80540721,japanese,1,1606457323,1672073647,4254,163969,248,48,0,1,0.5,0,1,0,0,なぜか疲れない、なんでや。 パッドとキーマウ勢を分けなさい運営さん
116033745,japanese,1,1653564566,1653564566,38806,94438,76,2,0,0,0.4761904776096343,0,1,0,0, 
166723924,japanese,1,1717582610,1717582610,4650,5198,0,2,0,0,0.5,0,1,0,0,おもしろいね  
142120458,japanese,0,1689415846,1689415846,39885,39886,99,4,0,0,0.5,0,1,0,0,2か月前からEAサーバーに接続できませんが出てロビーに入れなくなった（EAアプリも同様） 再インストール２回しても変わらず アカウント誤BAN食らったのかと思ったがアカウントは生きているらしい。  同様の被害をくらって対処法知ってる人居たら教えていただけますでしょうか。           今までの金返せ
233046211,japanese,1,1786971817,1786971817,6725,10959,0,1,1,0,0.5098039507865905,0,1,0,0,チャンピオンを穫れると気持ちがいい　そのために様々な事を学ぶ必要性をこのゲームは教えてくれる
157709004,japanese,0,1707220576,1707220576,1685,1934,0,1,0,0,0.5,0,1,0,0,クロスプレイをオンにしているのに、フレンド申請をできないです。本当にキレそう
86957225,japanese,0,1613657653,1613657653,23358,123223,0,1,1,0,0.4761904776096343,0,1,0,0,フルパとｃが勝つゲーム
205762114,japanese,0,1759489467,1759489467,76937,103876,0,1,1,0,0.5,0,1,0,0,強制終了させられる
105343863,japanese,1,1638782152,1638782152,70933,218993,0,1,0,0,0.4881266355514526,0,1,0,0,I recommend to play Apex.
172178577,japanese,0,1723733645,1723733645,4752,4752,0,29,6,1,0.5010218620300292,0,1,0,0,「キーマウ」という単語が世に出回り始めた頃からこのゲームが嫌いになりました。
108264054,japanese,1,1642509271,1642509271,6551,29529,0,5,0,0,0.5,0,1,0,0,ゲームは面白いと思います。 しかし特殊能力を持った輩が多い事もまた事実！  特殊能力者の一例： ・足が異常に速い。(移動速度がトライデント並みｗ) ・曲がる弾を撃ってくる。(自動追尾弾) ・全弾当てるエイム超人や機能以上の火力武器使用、等。 …魔法使いでしょうか、おそろしい実例です。  それから初心者に対して暴言を吐く器の小さい輩も多い。 殺し屋が評価されるゲームですから仕方がないとは思いますが、 せめてソロプレイやPvEの環境もあればと思うゲームでした。 
110295122,japanese,0,1644934939,1644934939,12035,30561,0,1,0,0,0.5,1,1,0,0,神ゲー神ゲー神ゲー神ゲー神ゲー神ゲー神ゲー神ゲー神ゲー神ゲー神ゲー神ゲー神ゲー神ゲー神ゲー神ゲー神ゲー神ゲー神ゲー神ゲー神ゲー神ゲー神ゲー神ゲー神ゲー神ゲー神ゲー神ゲー神ゲー神ゲー神ゲー神ゲー神ゲー神ゲー神ゲー神ゲー神ゲー神ゲー神ゲー神ゲー神ゲー神ゲー神ゲー神ゲー神ゲー神ゲー神ゲー神ゲー神ゲー神ゲー神ゲー神ゲー神ゲー神ゲー神ゲー神ゲー神ゲー神ゲー神ゲー神ゲー神ゲー神ゲー神ゲー神ゲー神ゲー神ゲー神ゲー神ゲー神ゲー神ゲー神ゲー神ゲー神ゲー神ゲー神ゲー神ゲー神ゲー神ゲー神ゲー神ゲー神ゲー神ゲー神ゲー神ゲー神ゲー神ゲー神ゲー神ゲー神ゲー神ゲー神ゲー神ゲー神ゲー神ゲー神ゲー神ゲー神ゲー神ゲー神ゲー神ゲー神ゲー神ゲー神ゲー神ゲー神ゲー神ゲー神ゲー神ゲー神ゲー神ゲー神ゲー神ゲー神ゲー神ゲー神ゲー神ゲー神ゲー神ゲー神ゲー神ゲー神ゲー神ゲー神ゲー神ゲー神ゲー神ゲー神ゲー神ゲー神ゲー神ゲー神ゲー神ゲー神ゲー神ゲー神ゲー神ゲー神ゲー神ゲー神ゲー神ゲー神ゲー神ゲー神ゲー神ゲー神ゲー神ゲー神ゲー神ゲー神ゲー神ゲー神ゲー
99529653,japanese,0,1631924887,1631924887,1799,43045,0,6,4,0,0.503546118736267,0,1,0,0,Too many bugs I recommend if the operation changes
171680820,japanese,1,1723122160,1723122160,45511,73451,0,1,0,0,0.4522514045238494,0,1,0,0,最高のゲーム！！青春を作ってくれた最高のゲーム！いろいろ文句言われてるけど、最高のゲーム！！
180380669,japanese,1,1732794059,1732794059,13934,54471,0,1,0,0,0.5,0,1,0,0,強い人ばっかりですが5年経っても友人と楽しくプレイしています！
191546260,japanese,1,1743325484,1762674885,15498,27041,0,5,1,5,0.4691942930221557,0,1,0,0,迷ったならやってみよう！ 神ゲーだよ！！ どのスキンもかっこいいです。 けれど、ガンゲームは唯一楽しいと思わないモードです！
80168662,japanese,1,1606375561,1606375561,6572,134210,0,11,1,0,0.5238095521926879,0,1,0,0,3人1チームで、1マッチ20チームが戦うPVPゲーム。 課金なしでもスキン等々色々手に入ります。無料なのが信じられまてん。
183188100,japanese,0,1734697413,1734697413,51281,74701,31,8,3,1,0.5,0,1,0,0,課金できないの俺だけ？ 一番高いやつ買おうとしたらできないの草なんなん？運営は金欲しくないのか？それともこのくそゲーに課金するなの合図か？皆さんこのゲームに課金するためにsteamに課金するのはやめましょう僕は手遅れです(⌒∇⌒)てか運営直せ
178556387,japanese,0,1730983450,1730983450,9007,29912,0,1,3,0,0.532710313796997,0,1,0,0,普通に楽しみたいだけなんだけど  ローンチロイヤルとかカジュアルとかわけてくれないかな
170009412,japanese,0,1721146173,1721146173,144025,217043,0,1,2,0,0.5,0,1,0,0,やらない方がいい
137836968,japanese,0,1683306868,1683306868,68442,87887,0,2,5,0,0.5378897786140441,0,1,0,0,辞めた方がいい
223897378,japanese,0,1776934683,1781456625,97743,97743,75,1,3,0,0.5258620381355285,0,1,0,0,ゲームパッド 障害者 ホモ パーティー キモい ゲーム
174054867,japanese,0,1725274049,1727446828,89869,105760,0,1,3,0,0.5238095521926879,0,1,0,0,チーデス、コントロールで好きな武器を使わせてほしい 
122576276,japanese,1,1663755816,1663755816,1759,3268,0,2,0,0,0.5,0,1,0,0,good!  
90996399,japanese,1,1619518082,1619518082,10143,138629,134,2,0,0,0.5,0,1,0,0,saikou
99828602,japanese,1,1632391120,1632391120,52305,166671,0,1,0,0,0.5,0,1,0,0,ごみげー
213723644,japanese,0,1766234823,1766234823,16374,18867,0,1,0,0,0.5,0,1,0,0,ゴミ  
188050562,japanese,0,1739717560,1739717560,60095,65068,0,1,2,0,0.4741379618644714,0,1,0,0,かてない
227212875,japanese,1,1780640440,1780640440,15345,17679,0,1,0,0,0.5,0,1,0,0,p
148666807,japanese,1,1697976096,1697976096,1674,23005,21,1,0,0,0.5,0,1,0,0,挂多但好玩
100623387,japanese,0,1633533665,1633533665,13185,33814,0,1,1,0,0.5,0,1,0,0,ロビー画面でＣＰＵ使用率が100％になる。俺は悪くない。絶対に。
138126491,japanese,0,1683787063,1683787063,3401,25476,76,3,1,1,0.5238095521926879,0,1,0,0,гавноу
143684665,japanese,0,1691536946,1691536946,18105,21820,0,1,0,0,0.5,0,1,0,0,ゲーム◎ 運営✕
132877858,japanese,1,1676439711,1676439764,40101,91296,41,8,0,0,0.5,0,1,0,0,UIやゲーム性がよく、始めた人でもたのしめる 
101323823,japanese,0,1634696980,1634696980,6388,19446,0,2,0,0,0.5,0,1,0,0,kidoudekinaikarabetuge-sitahougaii
80062140,japanese,0,1606353853,1721789188,49346,50416,0,4,1,0,0.5238095521926879,0,1,0,0,gomi
144855021,japanese,0,1692795493,1692795493,8084,32926,7,2,0,0,0.5,0,1,0,0,重生，你母死了，今晚开了10把退了10把
116459760,japanese,1,1654326380,1654326380,58557,86655,0,2,11,8,0.5949569344520568,0,1,0,0,アプデが来るたびにバグが増える神ゲー
186536882,japanese,0,1737989712,1737989712,117031,123507,0,1,2,0,0.5029239654541015,0,1,0,0,FFコラボとかいうゴミコラボやめろ
180780557,japanese,1,1732889706,1732889706,121227,152556,0,1,1,0,0.5238095521926879,0,1,0,0,バグで落とされ-200食らうかみげー 
102522787,japanese,1,1636523877,1636523877,5621,8069,69,3,0,0,0.5,0,1,0,0,Its a good game buy it NOW
208127678,japanese,1,1762000266,1762000266,487,719,0,1,1,0,0.5,0,1,0,0,キャラの能力がわかりにくい  武器がわかりにくかった  
111919798,japanese,0,1646922078,1743520023,4115,21399,0,87,0,0,0.4872881174087524,0,1,0,0,2022/03/10 全実績達成記念 あぺぺぺぺ 起動オプションに -novid -dev を追加すると耳が壊れない
215482780,japanese,0,1767881262,1767881262,3896,4610,0,2,0,0,0.5,0,1,0,0,すぐバグる  
232176688,japanese,0,1786006010,1786006010,27332,29272,0,1,2,0,0.509433925151825,0,1,0,0,起動できません
109807900,japanese,1,1644350631,1644350631,123,64178,0,11,8,10,0.5919715762138366,0,1,0,0,このゲームで人生狂いました
124025614,japanese,0,1666099463,1666099463,5828,13675,0,2,0,0,0.5,0,1,0,0,勝手にエラーで落ちて放棄ペナルティ入るのなんででしょうか？ なぜ修正ができないのでしょうか？何年前からこのエラーを放置しているんですか？
224876983,japanese,1,1778048470,1778048470,531,2239,0,1,0,0,0.4938271641731262,0,1,0,0,gg
173918218,japanese,1,1725126588,1726592355,46423,132407,0,1,1,1,0.4877284467220306,0,1,0,0,キャラの挙動がおかしくなるバグが起きた際、直そうと再ロードしたら放棄ペナルティーをくらい、ランクポイントを２倍のマイナスをされた
204967494,japanese,0,1758566914,1758566914,9310,14189,0,1,1,0,0.5,0,1,0,0,鯖落ちが多すぎる
185269258,japanese,0,1736525653,1783096282,170237,171933,32,8,0,0,0.5,0,1,0,0,運営がダイヤ以上だけソロキューにしたせいで フルパを組んでスマーフをするゲームになりました。
142798420,japanese,1,1690324916,1690324916,59202,154948,0,1,0,0,0.5,0,1,0,0,saikou  
198451718,japanese,1,1751198836,1751198836,7338,20630,0,1,0,0,0.5,0,1,0,0,omoroi  
99360876,japanese,1,1631653723,1631653723,3719,7475,6,1,0,0,0.4782608747482299,0,1,0,0,
90402876,japanese,1,1618578848,1618578848,341,18721,0,8,0,0,0.5,0,1,0,0,とてもサイバーチックなFPSゲームです。UIも見やすくとても愉快なキャラクターたちがいて楽しいです。 まだまだエイムは苦手ではありますが、このゲームも割と当てやすいと言えば当てやすいです(ただし防御力が高いので少しコツはいりますが。
200087458,japanese,0,1752850522,1752850522,154851,167046,0,4,0,0,0.4783549606800079,0,1,0,0,クレーバーとアッシュがなくなったら良ゲー
171549466,japanese,1,1722952148,1722952148,64956,112561,0,1,0,0,0.5,0,1,0,0,oooo
233201847,japanese,0,1787152856,1787152856,18466,22183,0,2,0,0,0.5,0,1,0,0,バグだったりチーターだったり起動が遅かったりよくわからないけどやると面白い
112460003,japanese,1,1647680255,1647680255,65324,95753,57,1,0,0,0.5,0,1,0,0,iii
170870791,japanese,0,1722074219,1722074219,56600,73956,0,3,1,0,0.5,0,1,0,0,
132069361,japanese,0,1675352726,1675352726,71230,304063,0,2,10,0,0.5014721155166625,0,1,0,0,結論、お勧めはできません。スピード感あるFPSであり、ゲームシステムは素晴らしいです。 残念ながらデバイスによって不公平感が強すぎるゲームとなっております。 PAD使用者のみ理不尽なエイムアシストというオートエイム機能があり、１００％人力のキーマウ勢が軒並み引退しております。結論、デバイスWIN(PAD)状態です。 また、このエイムアシストが要因でチート利用者の判別が難しくなっておりチートが蔓延しております。ルーキー鯖にはサブ垢組が常駐しており、新規参入者には易しくありません。 スキンについても運営のやる気のなさが露呈され、再販、色違い程度しか販売されていなく今のデザイナーはセンスのかけらもありません。 モバイル版は一年もたたずに終了しましたが、このままでは本家も厳しやもしれません。   
170631441,japanese,0,1721830426,1721830426,111107,128467,8,1,4,0,0.4642857015132904,0,1,0,0,ゲーム性は唯一無二だがそのうえで運営が数年間胡坐をかき続けているゲームです。一生バグもバランスも治りません。このプレイ時間の内2割でももっと勉強や趣味のギターに割けばよかったと感じています。
120616008,japanese,0,1660484893,1660484893,11604,226028,0,2,3,0,0.5245993137359619,0,1,0,0,初心者がほとんどいないため、今から始めるには遅いかも
168552402,japanese,1,1719716736,1719716736,12354,90014,3,1,0,0,0.5,0,1,0,0,楽しい
158519646,japanese,1,1708166696,1708166696,2180,7395,0,1,0,0,0.5,0,1,0,0,omoshiroi
116672922,japanese,0,1654690407,1654690407,1479,20650,0,6,1,0,0.5098039507865905,0,1,0,0,楽しくないです
101371236,japanese,1,1634783507,1634783507,7498,31685,0,1,0,0,0.4741379022598266,0,1,0,0,めっちゃいいゲーム this game is just SO GOOD
111044553,japanese,1,1645854853,1645854853,395,57544,0,3,0,0,0.5,0,1,0,0,楽しいです
117355151,japanese,1,1655819816,1655819816,5194,28154,0,1,0,0,0.5,0,1,0,0,iup
229846884,japanese,1,1783428337,1783428390,68893,73668,0,1,1,1,0.5238095521926879,0,1,0,0,うんち
198899767,japanese,1,1751610755,1751610755,50754,61852,0,1,0,0,0.4761904776096343,0,1,0,0,FPSの中ではかなりストレスが少なく、FPSをやったことのない初心者でも始めやすいゲームだと思います。
79670303,japanese,1,1606065991,1606065991,5939,88214,68,6,0,1,0.5,0,1,0,0,Faster Faster Faster !!
112088076,japanese,0,1647148366,1647148366,768,24256,0,4,0,0,0.5,0,1,0,0,こわれた
171564442,japanese,1,1722965425,1722965425,84307,137078,0,1,0,0,0.5,0,1,0,0,-  
161406032,japanese,1,1711336502,1711336502,215,3666,0,1,1,0,0.4901960790157318,0,1,0,0,最高！  
232082318,japanese,1,1785889799,1785889799,35759,38601,0,1,0,0,0.5,0,1,0,0,武器、キャラのインフレがすごいゲーム  漁夫の多さをどうにかしてほしい
111437368,japanese,0,1646302876,1646302876,32791,103527,0,1,3,0,0.5220162272453308,0,1,0,0,足音が聞こえない新感覚FPSがやりたいそこのあなたに是非！
232051869,japanese,1,1785859136,1785859136,15116,23665,0,1,0,0,0.492613136768341,0,1,0,0,とても素晴らしいゲームです  見るものすべてが新しく友達と協力して買った時の幸福感は以上です！  
109870715,japanese,1,1644434864,1644434864,1033,53979,6,1,4,0,0.5191709399223327,0,1,0,0,立ち回りが面白い
83116727,japanese,1,1608906276,1608906276,3331,62425,0,1,0,0,0.5,0,1,0,0,初めて遊んだFPSで長く楽しんで遊んでます。
120871879,japanese,1,1660892955,1660892955,30622,47726,0,1,0,0,0.5,0,1,0,0,最高 
108069398,koreana,1,1642265462,1677339956,1219,5517,0,1,0,0,0.5,0,1,0,0,d
113890618,koreana,0,1650025851,1721228472,7263,54680,0,106,0,0,0.5,0,1,0,0,코이츠 서버가 쓰레기인 wwwwwwwwwwwwww 코이츠 스킨 보면 돈 벌 생각이 없는 wwwwwwwwwwwwww
118061379,koreana,1,1656767727,1656767727,446,1195,47,5,0,0,0.5,0,1,0,0,배그처럼 핵쟁이가 많은것도 아니고 억까가 생각보다 없음 진짜 잘만든 게임
185567952,koreana,0,1736849870,1736849870,11967,13017,0,1,0,0,0.5,0,1,0,0,.
141382168,koreana,1,1688574348,1688574348,67014,67342,8,3,0,0,0.5,0,1,0,0,1000시간 부터 재밌음
120650412,koreana,1,1660530210,1660530210,1745,71279,107,7,0,0,0.5,0,1,0,0,하이페리온 업뎃이후 그래픽카드 오류가 생김
115449130,koreana,1,1652544444,1652544444,10141,28724,0,6,0,0,0.5,0,1,0,0,250 핑으로겜하고 캐릭터들은 pc범벅 그런데도 이겜을 하는이유는 재밌기 때문이다
130099300,koreana,1,1672830181,1672830181,2638,3396,0,32,0,0,0.5,0,1,0,0,저는 FPS 고자입니다 그래도 재밌습니다 ㅠㅜ...
209694850,koreana,1,1763649722,1763649722,692,781,54,6,1,0,0.5081967115402221,0,1,0,0,카스만하다가 이런 배틀로얄게임 처음인데 생각보다 재미잇네요 ㅎㅎ
130617090,koreana,1,1673416463,1673416463,18905,39055,0,2,0,0,0.5,0,1,0,0,fun  but server trash aimbot
171416500,koreana,1,1722771565,1722771565,19865,35391,35,9,0,0,0.4761904776096343,0,1,0,0,재미는 100퍼센트 보장
124982763,koreana,1,1667645884,1667645884,1139,1181,0,17,0,0,0.5,0,1,0,0,
123320836,koreana,1,1664852667,1664852667,4095,8683,50,4,0,0,0.5,0,1,0,0,할만혀
162347224,koreana,1,1712420724,1712420724,1737,2256,230,10,0,0,0.5,0,1,0,0,쏘고 달리고 쓸리고 죽고 이걸 1000000만번 반복하면 되는 게임  
131720075,koreana,1,1674908027,1674908027,21588,29976,0,2,0,0,0.5,0,1,0,0,게임만 재밌음 ㅋㅋㅋㅋㅋㅋㅋㅋㅋ 서버나 핵같은 나머지 운영들은 다 별로긴한데 게임은 재밌기만 하면 되지 않나라는 생각에서 추천
220278073,koreana,1,1773068130,1773068130,138766,145386,149,8,0,1,0.5,0,1,0,0,사출시트 가동! 으아악!! 나 당했어!!
148661375,koreana,0,1697969227,1789921189,92462,92720,0,1,1,0,0.5238095521926879,1,1,0,0,궁금한게있는데요 그놈의 패드는 왜자꾸 같이 처 매칭시키려드는거에요?
111837113,koreana,1,1646790729,1666744394,2268,6609,295,44,0,0,0.5,0,1,0,0,재밌다!
167967228,koreana,0,1719107583,1720317731,60687,67177,0,13,0,0,0.5,0,1,0,0,망겜
187433212,koreana,1,1738986076,1738986076,2299,2564,0,38,1,0,0.4647887349128723,0,1,0,0,"게임이 왤케 바뀐건지는 모르겠지만, 할만함!"
124457121,koreana,1,1666858190,1666858190,27390,42710,0,24,0,0,0.5,0,1,0,0,캐릭터 와꾸만큼이나 대단한 게임성
154782631,koreana,0,1703920542,1703920542,77466,93732,75,2,0,1,0.5,0,1,0,0,좆애미뒤진게임
111522895,koreana,0,1646406131,1648643410,8797,42365,0,5,0,0,0.5,0,1,0,0,패드련들엄지다도려네
134791713,koreana,1,1679026387,1679026387,19803,30231,224,32,0,0,0.5,0,1,0,0,재미는있는데 문제가 너무 많은게임
139629753,koreana,1,1686042352,1686042352,9941,53141,0,1,0,0,0.5,0,1,0,0,최근에 복귀하긴 했지만 여전히 잼씀 장점은 오버워치처럼 낙뎀이 없고 이만큼 속도감 있는 FPS게임이 별로 없다는 게 가장 크고 단점은 가끔 게임을 돌리다가 로스가 발생한다는건데 로스가 조금이라도 있어도 속도를 기반으로 한 무빙이나 총쏘기 등을 제대로 못해서 어디서 누가 뭘 어떻게 때리는지도 모르고 의문사 하는 경우가 있음 근데 이거 말고는 실력 조금만 키워도 게임 재밌게 즐길 수 있는 것들이라 훈련장에서 조금 감 잡고 돌리는 걸 추천함
141097368,koreana,0,1688264702,1715335164,39712,50919,0,9,1,0,0.5034482479095458,0,1,0,0,시즌초 xim 에임 어시스트 컨버터 판치는데 하드웨어라 절대 못잡는 망겜임 패드 보정 삭제 해라
136729602,koreana,1,1681550288,1681550380,41815,51950,80,3,3,0,0.5074294209480285,0,1,0,0,에이펙스! 야스보다 좋다!
123223563,koreana,1,1664718529,1664718529,16512,46500,10,1,0,1,0.5,0,1,0,0, 너무 재밌네요
115886021,koreana,1,1653292684,1653292684,24370,30766,309,3,0,0,0.5,0,1,0,0,똥겜
127820109,koreana,0,1670053365,1721236415,23164,82712,38,4,0,0,0.5,0,1,0,0,스캇겜
186347675,koreana,1,1737782127,1737782127,6490,20042,33,9,1,0,0.5238095521926879,0,1,0,0,존나재밌음
117588849,koreana,1,1656171414,1656171414,3860,6894,0,1,0,0,0.5,0,1,0,0,재밌어염 친구들이랑 하는데 정말 재밌ㅇㅓ요 저 혼자할때는 MMR낮아서 하기쉬운데 애들이랑하면 좀빡센거빼고는 ㄱㅊ아요 근데 200시간이나했는데 아직 망치도 못얻었어요 조 ㅈ 같네 시ㅣㅣㅣㅣㅣㅣㅣㅣㅣㅣㅣㅣㅣㅂ
175589320,koreana,0,1727064333,1727064659,7550,9496,0,14,1,0,0.4743083119392395,0,1,0,0,"VPN없으면 핑튀는것도 짜증나긴 하지만 이건 뭐 그러려니 하겠는데 뭐만 하면 랭크 하드리셋을 쳐하고 있으니 브론즈큐에 다이아 마스터 애들 보이는게 일상인데 이러면 대체 랭크게임이 무슨 의미인가 싶음 난 게임 못하는 사람이라 골플애들이랑 놀아야하는 수준인데 대체 왜 브실 구간에서 전시즌 다마애들한테 맨날 맞아야되냐고 비슷한 사람들끼리 겨루면서 거기서 뛰어나면 올라가야되는게 랭크 아님? 죽고나서 ???하고 보면 프로필에 다마 뱃지 도배돼있는거 보고 석나가는 것도 하루 이틀이지 이 겜 광물티어존은 랭크가 랭크 기능을 못함, 운영진들이 양학을 권장하는 수준"
162659688,koreana,1,1712839454,1712839454,44733,86004,0,3,0,0,0.5,0,1,0,0,게임 자체는 goat 게임 서버는 Joat 그나라 에임은? ㅋㅋㅋㅋ
183554181,koreana,1,1735034997,1735034997,5027,5614,0,1,0,0,0.5,0,1,0,0,sex
134888776,koreana,1,1679147809,1679147809,750,879,0,3,0,0,0.5,0,1,0,0,너무 제밌음
175474117,koreana,1,1726939888,1726939888,24042,26724,0,3,0,0,0.5,0,1,0,0,재미원툴갓겜
166361436,koreana,1,1717106830,1717106830,26861,27049,0,13,0,0,0.5,0,1,0,0,무료임 반동적음 템포빠르고 타격감좋음 팀원 죽어도 다시살릴수있음 캐릭터못생김 잡기술진입장벽있음    재밌음
129753525,koreana,1,1672468048,1672468048,23149,29336,0,1,0,0,0.5,0,1,0,0,재미있음.
109444416,koreana,1,1643947980,1643947980,6085,16428,90,4,0,0,0.5,0,1,0,0,^^b
107319243,koreana,0,1641321208,1641321208,463,9135,172,47,0,0,0.5,0,1,0,0,핵쟁이 간나쉐리야 내 계정 해킹해서 핵쓰니 좋더냐  덕분에 에펙 못하고있다 고맙다 ^^
162099282,koreana,1,1712138827,1712138827,6361,7882,0,1,0,0,0.5,0,1,0,0,따이시
166644938,koreana,1,1717482474,1717482474,2243,2571,0,5,0,0,0.5,0,1,0,0,교수님 진도가 너무 빨라요 천천히 파밍하고 싶어요
108140637,koreana,0,1642344315,1652170100,3732,5875,0,11,1,0,0.5238095521926879,0,1,0,0,게임의 재미가 원툴인 게임 이 맞다.. 이게 도쿄 인지 아메리카 인지 핑 부터 심상치 않음
170668992,koreana,0,1721869008,1721869008,7430,11496,165,8,0,0,0.5,0,1,0,0,안타깝고 슬펐었다
149271013,koreana,1,1698781445,1746809466,45108,49076,22,2,0,0,0.5,0,1,0,0,캐릭터가 좆나게 이쁘다 다 쏴 죽이고 싶을만큼2025.5.9
118123014,koreana,1,1656846845,1656846845,8177,38636,0,3,2,0,0.5435684919357299,0,1,0,0,팀원이 잘하면 갓겜
159144373,koreana,1,1708778038,1708778038,94422,203361,0,1,1,0,0.5146690011024475,0,1,0,0,개꿀잼임 타격감 좋고 사플 잘되고
107646977,koreana,1,1641708851,1641708851,1168,3229,0,1,0,0,0.5,0,1,0,0,재밌는데 재미없음 
114933468,koreana,0,1651667068,1654938037,19856,105197,26,1,1,0,0.5238095521926879,0,1,0,0,아직도 병신이네 병신겜  
117286117,koreana,1,1655725273,1655725273,2089,6760,0,3,0,0,0.5,0,1,0,0,굳 
132065881,koreana,1,1675348717,1675348717,3345,28020,24,3,0,0,0.5,0,1,0,0,서버 시~~~~발 핵 시~~~~발
106174092,koreana,1,1640017533,1640017533,8354,19160,0,1,0,0,0.5,0,1,0,0,GOOD.
129830601,koreana,1,1672551811,1672551811,22349,64509,122,4,0,0,0.4761904776096343,0,1,0,0,갓겜입니다
227237007,koreana,0,1780669972,1780669972,31333,39133,0,4,0,0,0.5,0,1,0,0,고인물 좆망겜 수듄 ㅋㅋ
198847227,koreana,1,1751562094,1751562094,383,3024,0,30,0,0,0.5,0,1,0,0,에프터 이펙트 싫어  에이펙스 좋아
112284090,koreana,0,1647429080,1713025510,53689,74020,0,11,0,0,0.5,0,1,0,0,명성에 비해 너무 오래 살아남은 쓰레기 코딩뭉치.
205190367,koreana,1,1758830005,1758830005,12364,12364,0,18,1,0,0.5238095521926879,0,1,0,0,총 못쏴도 슬라이딩 점프하면서 돌아다니면 재밌음.    본격 산책게임.
128148375,koreana,1,1670486764,1670486764,240,3571,42,8,0,0,0.5,0,1,0,0,ㅇㅇ 할만함
170189143,koreana,0,1721333051,1721333295,78202,149638,0,5,0,1,0.5,0,1,0,0,에휴. 그냥 운영좀 제대로 해줬으면
214021649,koreana,0,1766515357,1766515357,251,418,0,8,0,0,0.5,0,1,0,0,이새끼 게임이 안꺼짐  ㄴㄱㅁ  
120357298,koreana,1,1660080302,1660080302,5083,16634,0,1,0,0,0.5,0,1,0,0,꿀잼
170306762,koreana,0,1721470156,1721470156,23,23,0,7,0,0,0.5,0,1,0,0,게임을 할려면 EA 계정이 필요한데 EA 계정 생성이 안되는 갓겜
120209020,koreana,1,1659863534,1659863534,17,964,0,3,0,0,0.5,0,1,0,0,error make me cant play apex legends
172038671,koreana,0,1723552319,1723552319,502,3193,83,6,0,0,0.5,0,1,0,0,정신체리
152022497,koreana,1,1700997996,1700997996,18075,27849,0,1,0,0,0.5,0,1,0,0,잼써
105274850,koreana,1,1638692317,1638692317,11804,19048,0,29,0,0,0.5,0,1,0,0,you are the ♥♥♥♥♥♥♥ jump master!
166885279,koreana,1,1717789434,1717789434,17483,44887,0,4,0,0,0.5,0,1,0,0,총든 닌자들이 난무하는 곳
119294844,koreana,1,1658543142,1658543142,940,3512,16,3,1,0,0.5238095521926879,0,1,0,0,잼잇셔
167139854,koreana,1,1718096963,1756298941,9357,11480,269,74,0,0,0.5,0,1,0,0,개추. 배그하다가 에펙하면 얼마나 갓겜인지 매번 느끼게 됨
128851360,koreana,1,1671456216,1671456216,703,14887,0,7,0,0,0.5,0,1,0,0,fps중 탑
115286158,koreana,0,1652247837,1699359713,32563,36826,0,26,2,0,0.5263724327087402,0,1,0,0,"NC소프트 주식마냥 매 신캐마다 와꾸 최저점을 갱신한다. 이쯤되면 와꾸지수 하방 서킷브레이커를 걸어야 할 지경이다. 발리스틱때 티져랑 캐릭 컨셉 모델 참 좋았는데 백인 이성애자라 그런것인가. 어쩌면 리스폰은 다크나이트가 아닐까. 이그나이트 시즌 신캐 이런 얼굴에 똥을 쳐바른 듯한 좆같1은 새끼1가 귀여운 척하며 토악질을 유발시키는 것은 pc혐오를 오히려 조장하고 있는것 아닐까. 는 개뿔 리스폰 씨발1년들은 서버나 핵쟁이들, 랭크 시스템 문제 생각은 안하고 사이버 똥덩어리 빛는데만 존나1 열심히다. 크립토 인종차별 일러 논란때는 허겁지겁 업뎃한거 보면 겜안분 새끼1들이 운영하고있음이 확실하다. 어쩌면 나는 역사의 나쁜 편에 서 있는걸까. pc를 사이버 똥으로 보는 내가 악당인걸까. 이번엔 맵에도 무지개를 쳐발라놨더라. 이딴거도 좆같은데 버그성 무빙들 계속 공식화, 키보드 마우스에서 패드 에임 어시 쓰기, 자동 무빙 프로그램 이딴 것들 활개치는 꼬라지 보면 사실상 게임 운영에 손 놨고 능력도 의지도 없음을 보여준다. 아무튼 이번 시즌은 사이버 똥을 쳐바른 귀척하는 좆1같은 년 안볼라고 겜 안할거다. 야동 여자배우 항문 주름이 예쁘면 예뻤지 이 새끼1는 답이 없다. 빨리 대체 게임 나와서 리스폰이고 에펙이고 유저 다 떠나길 바란다. 이번에 더 파이널스 재밌더라 빨리 출시해줘요 The Finals is good"
124312680,koreana,1,1666595461,1666595461,75670,415407,0,3,0,0,0.5,0,1,0,0,재미만으로 승부보는 게임
202300788,koreana,1,1755411365,1755411365,24952,25284,0,3,0,0,0.5,0,1,0,0,재밌음
131400331,koreana,0,1674477665,1700815657,31588,78443,100,5,0,0,0.5,0,1,0,0,"본인들 실수로 망해버린 티어 분포를 바로잡겠다고 이상한 해결책을 마구 쏟아내더니 이 게임 랭크는 완전히 안락사 당해버렸다  티어 변별력을 스스로 부정하는 듯한 별도 MMR로 내 티어가 높든 낮든간에 버거운 상대와 싸워야 하고 어렵게 오른 점수를 쉽게 꼬라박는 과정의 연속에서 어떻게든 오르는 점수를 더 크게 하기 위해 온몸을 비틀어야 하는게 현 랭크의 현실이다  그나마 이전시즌까지는 그렇게 몸비틀어 점수만 맞추면 승급이었지만 그것마저 개발사가 못마땅했는지 승급전이랍시고 말도 안되는 조건을 요구한다  '티어별로 잡히는 매칭에서 해당 티어보다 실력이 좋으면 올라가고 아니면 내려간다'라는 명제가 수많은 랭크게임의 원칙인데 아무리 그게 실현되기 어려운 배틀로얄이라지만 티어 자체를 부정하는 시스템 속에서 랭크 유저들이 그동안 '그래도 시간 박으면 올라는 가니까' 라면서 해왔던 랭크게임이 이젠 완전히 그 숨을 멎기 직전이라고 보인다  티어 분포가 망가진 것도 알겠고, 그걸 바로잡으려는 개발사의 노력이 필요하다는 것도 인정하겠지만, 이렇게 유저들에게 불쾌한 매칭을 강요하고 플레이 경험을 박살내면서까지 단시간에 티어 퍼센테이지를 맞춘다 치자.  그 과정에서 떨어져나간 유저들은 그저 개발사에게 털린 개미에 지나지 않는 것일까? 그래도 스킨 잘팔리고 프레스티지 근접무기 사는 사람들은 사니까? 그렇게 돈 지른 사람들은 어차피 지른거 아까워서 못접을테니 괜찮은 것인가?  게임은 유저들이 즐기기 위한 것인가? 아니면 개발사, 개발진이 자기들 하고싶은대로 이리저리 건드려보고 유저는 즐기든 말든 알 바 아닌 것인가? 유저의 비명보다 프로의 의견과 일침이 중요하며, 그 의견과 일침보다도 중요한 것이 개발진의 주관인가?  총 쏘는 타격감과 빠른 템포의 교전, 스킬과 무빙과 샷이 합쳐진 에이펙스 특유의 싸우는 맛은 여전히 업계 탑티어다. 하지만 솔직히 말하자면 그 재미 때문에 지금까지 붙잡아왔던 게임이지만 이제 재미만으로 이 게임의 불쾌함을 다 가리기 버거운 때가 왔다. 그냥 건런을 삭제하던 컨트롤이랑 데스매치를 상시로 열던 가볍게 특수모드만 즐기고 끌 수 있게만 해줬으면 좋겠다"
122584231,koreana,1,1663770803,1663770803,39165,187513,0,4,0,0,0.5,0,1,0,0,ㅇ
129381964,koreana,0,1672100392,1746387231,41792,47399,0,3,0,0,0.5,0,1,0,0,바람나서 환승이별한 첫사랑 같은 게임인듯  분명 ㅈ같고 꼴도 보기 싫은데 뭔가 끊지를 못하겠음
192235843,koreana,0,1744048605,1744048605,268,268,0,1,0,0,0.5,0,1,0,0,랭크미션이 너무 오래걸려요
124810727,koreana,1,1667360475,1667360475,1362,1642,128,2,0,0,0.5,0,1,0,0,오버워치 이후로 FPS 겜 하는건데 졸잼있네
139474360,koreana,1,1685792431,1685792431,10246,18023,66,4,0,0,0.5,0,1,0,0,갓겜
139839588,koreana,1,1686409026,1686409026,6990,7917,168,18,0,0,0.5,0,1,0,0,진행 속도 개빠르고 타격감 쩔고 그냥 전투진행이 재밌음
131514404,koreana,0,1674638955,1769091181,97095,97095,0,8,0,0,0.5,0,1,0,0,"중국인한테 야이 중국인아 일본인한테 야이 일본인아 -> 정지, 정지 영구 정지 씨발새끼들아 도대체 밴의 기준이 뭐야 개씹년들"
124416802,koreana,1,1666790320,1666790320,805,2179,0,72,0,0,0.5,0,1,0,0,이겜은 레전드들이 나오는데 내 손은 다른의미로 레전드네?
205331012,koreana,1,1758990976,1759031438,11885,19967,88,5,0,0,0.5,0,1,0,0,지맨 램파트 그만해
183462405,koreana,1,1734946404,1734946404,2453,2464,0,3,0,0,0.5,0,1,0,0,tttttttttttttt
109909972,koreana,1,1644481701,1644481701,17161,56710,60,4,0,0,0.5,0,1,0,0,매칭좀 잘 쳐 잡아라 제발; 마스터랑 뉴비가 어케 같이잡히냐
128284511,koreana,1,1670670857,1670670857,77693,231619,5,1,0,0,0.5,0,1,0,0,ㅈ ㅔ ㅂ ㅏ ㅎ ㅏ ㅈ ㅣ ㅁ ㅏ
195459915,koreana,1,1747987650,1747987650,28832,32415,0,18,0,0,0.5,0,1,0,0,스피드하고 혜드 한 방 게임에 질리면 해볼만 하다 많은 친구들이 필요하지도 않고 3인의 적절한 인원수 게임이 크게크게 편하지 않아 언제하든 비슷한 게임을 즐기수 있음 다만 진입장벽이 좀 있는 편인데 그래도 타 FPS인 배그보다 덜 하다고 생각 하는 편 추천합니다
212306062,koreana,1,1764596300,1764596300,7975,21599,0,2,0,0,0.5,0,1,0,0,GulJam
111511177,koreana,0,1646394001,1646394001,1798,2400,55,3,0,0,0.4922279715538024,0,1,0,0,Tlqkf 왜 안돼 자꾸 꺼지잖아 지랄났네 이딴겜 왜함? 이거 할빠엔 야동보는게 났겠다
194123733,koreana,1,1746275691,1746275691,2232,2519,104,47,5,1,0.5735781788825988,0,1,0,0,재밌음. 한번씩 만나는 따거 형들이랑 노는 것도 재밌음.    근데 이상하게 게임 플레이 버튼에 손이 안감. 이유는 나도 모름.
112266119,koreana,1,1647393498,1647393498,3215,5187,0,91,0,0,0.5,0,1,0,0,(81)1 
194122448,koreana,0,1746274364,1746274364,7835,10214,0,70,2,1,0.4498128592967987,0,1,0,0,"pc주의 어거지로 밀어붙임, 근데 라이브서비스게임.  악조건, 레드오션을 뚫고 성공 가도를 달리고있는 전례를 찾아볼수없는 개미친게임. 아무리 복합적 평가로 욕해도 똥냄새난다고 지랄해도 처먹게되는 청국장같은 대체제가 없는 애증의 게임. pc떡칠만 아니라면 몇 배는 성공을 했을텐데 30년넘은 레시피로 보신탕 끓이는 할머니처럼 꿋꿋하게 자기만의 방식으로 순항중. 다만 역시나 한국서버가 없는 탓에 접음 ㅋㅋㅋ 총게임에 50~100ms 지연걸리는건 아무래도 무리데스... 피파처럼 넥슨에 ip대여해서 한국배급을 넥슨에게 맡긴하면 한국에서도 대성공했을 텐데 아쉬울따름."
135942608,koreana,1,1680426969,1680426969,4353,16542,0,3,0,0,0.5,0,1,0,0,고트
146803804,koreana,1,1695411233,1695411233,7079,13242,0,2,0,0,0.4981549978256225,0,1,0,0,.
204934064,koreana,1,1758530601,1772353229,8103,12265,11,11,0,0,0.5,0,1,0,0,스킨좀 이쁘게 해줘
112531406,koreana,1,1647775202,1647775202,1034,182002,0,1,0,0,0.5,0,1,0,0,재미있어
108199645,koreana,1,1642420397,1642420397,18471,45397,0,1,1,0,0.5238095521926879,0,1,0,0,재미밖에 없는 게임
196784223,koreana,1,1749459386,1749459386,18415,19044,72,3,0,0,0.5,0,1,0,0,손목 비틀어져서 접습니다
131098048,koreana,1,1674062505,1674062505,6036,12860,0,4,0,0,0.5,0,1,0,0,재밌음 서버는 개똥임 하지만 재밋음
173915705,schinese,0,1725124523,1725124523,1246,3016,17,3,0,0,0.4761904776096343,0,1,0,0,心情不错给个差评 
173615891,schinese,1,1724844765,1724844765,6894,8760,0,4,0,0,0.5,0,1,0,0,真的很喜欢 孩子很爱吃
178500779,schinese,0,1730899893,1730899893,43063,44787,66,6,1,0,0.5,0,1,0,0,史
194333987,schinese,0,1746511364,1746511364,43079,56451,26,1,0,0,0.4545454680919647,1,1,0,0,做到现在游戏是会闪退的，打架是会卡输入法的，外挂是永远不封的，服务器是容易卡的没关系的玩家的话是一直不听的。
218457486,schinese,1,1771243655,1771243655,796,13313,5,1,0,0,0.5,0,1,0,0,好玩
222798626,schinese,1,1775643810,1775643810,39014,56010,17,1,0,0,0.5,0,1,0,0,太好玩了，再给我来个传家宝好了  
170378729,schinese,0,1721547826,1721547826,8243,11732,113,5,1,0,0.5238095521926879,0,1,0,0,Apex是一款由Respawn工作室研发，由EA发行的大逃杀类第一人称射击游戏。其沿用了泰坦陨落的世界观，游戏中来自各个星球的传奇们在Apex竞赛中互相较量，夺取捍卫者的头衔。Apex Legends的操作流畅、角色形象生动、游戏环境公平公正，同时在线玩家最高可达60万人。什么你问我哪里可以玩到这么好的游戏？诶🤓，我这里有个成品号，需要的可以联系我。
208456696,schinese,1,1762327136,1762327136,7501,76121,40,1,0,0,0.5,2,1,0,0,匹配机制依托打分
198627381,schinese,0,1751360855,1751360855,26017,35451,0,7,0,1,0.5,0,1,0,0,大便游戏，但是我爱吃屎
185920409,schinese,0,1737270878,1737270878,70209,97205,0,1,0,0,0.5,0,1,0,0,外挂太多
175182763,schinese,0,1726587277,1726587277,36688,37778,82,1,0,0,0.5,0,1,0,0,垃圾，ea从来没想过apex，永远只有他的菠菜FIFA。
172109704,schinese,1,1723643651,1723643651,46142,96016,38,4,0,0,0.5,0,1,0,0,垃圾
170393925,schinese,0,1721563958,1721563958,83455,105567,139,5,0,1,0.5,0,1,0,0,EA重生我襙称冯了个福的
170375245,schinese,0,1721543488,1721543488,32076,32726,50,3,0,0,0.5,0,1,0,0,就是坨屎
170797542,schinese,0,1721997476,1721997476,69849,79515,69,9,0,0,0.5,0,1,0,0,sabi
170886821,schinese,0,1722089912,1722089912,46611,50618,0,1,1,0,0.5,0,1,0,0,史
170962139,schinese,1,1722176629,1763184902,13061,35297,0,3,0,0,0.5,0,1,0,0,世界上最好玩的大逃杀游戏😭
170387495,schinese,0,1721557638,1744731271,86848,125015,64,7,0,0,0.5,0,1,0,0,Apex？
170468442,schinese,0,1721644459,1721817639,11596,16803,58,5,0,0,0.5,0,1,0,0,她本是最好的大逃杀游戏。
195617061,schinese,0,1748171618,1778745633,76484,85637,112,2,0,0,0.5,1,1,0,0,我一个超级滑铲给重生老冯锁飞
170710070,schinese,0,1721919509,1721919509,9078,31785,42,1,0,0,0.4910714328289031,0,1,0,0,重生眉目
171724740,schinese,0,1723175310,1723175310,637,862,0,5,0,0,0.5,0,1,0,0,出生中的出生，把把两人机队友原地不动在那打拳，我看是真没人玩了，莫名其妙的就死了，重生尼玛死了
185071340,schinese,1,1736305051,1744599155,26645,36670,129,1,0,0,0.5,0,1,0,0,这几个版本还有点人样
171130562,schinese,0,1722385223,1722385223,79248,106883,53,5,1,0,0.5,0,1,0,0,很难想象这是曾经的tga年度最佳多人游戏，被EA一步步祸害到如今的样子 
170444986,schinese,0,1721613331,1721714000,1855,11404,0,1,0,0,0.5,0,1,0,0,goushiyouxi
170559490,schinese,0,1721747024,1721747024,97542,106937,136,1,0,0,0.5,0,1,0,0,似的好，似的好啊。 最后留住玩家的手段都被那微薄的利益所取代了，早日入土为安吧
187277411,schinese,0,1738825419,1738825419,35276,51450,0,2,1,0,0.5,0,1,0,0,凉快了  
170386542,schinese,0,1721556674,1721556674,81412,96880,154,13,0,0,0.5,0,1,0,0,不管挂，只会恰烂钱
210769799,schinese,1,1764135912,1764135912,29604,37223,121,9,0,0,0.5,0,1,0,0,好
224979370,schinese,1,1778177573,1778177573,553,1045,93,6,0,1,0.5,0,1,0,0,"台独日殖贱畜们，你是不是在""言论自由""的台蛙骂人会被告，所以才跑来游戏里乱咬人"
170462174,schinese,0,1721636356,1721636356,63492,83671,0,1,0,0,0.5,0,1,0,0,sbea
170413760,schinese,0,1721579684,1721579684,25978,26101,202,1,0,0,0.5,0,1,0,0,狗屎游戏
172431670,schinese,1,1724035846,1724035846,10775,24340,32,1,0,0,0.5,0,1,0,0,GOOD
189606904,schinese,0,1741365888,1741365888,116162,139462,17,1,0,0,0.5,0,1,0,0,垃圾服务器
170394765,schinese,0,1721564686,1721564686,39788,45910,114,2,0,0,0.5,0,1,0,0,垃圾
206785761,schinese,0,1760538707,1760538707,73977,105657,0,1,0,0,0.5,0,1,0,0,垃圾
173875266,schinese,1,1725092184,1725092184,7506,33861,0,1,0,0,0.5,0,1,0,0,好玩！爱玩！喜欢玩！
170449717,schinese,0,1721619073,1721619073,44921,61710,61,1,0,0,0.5,0,1,0,0,cnmsb游戏，服务器烂的跟你那乡下舅舅常年下田耕种的靴子一样，刚刚进去直接给我弹出来，重新进去直接给我禁赛，那挂多的更是你那多年不见的父亲因为你没有吗想要给您找个后妈结果事后都嫌弃他短多年后突然多出来的私生子一样多，qnm的sbEA，没有吗没有爹只能找手柄当爹的弱智玩意，别做游戏去马戏团表演吧，那里不嫌弃你。
172274935,schinese,1,1723843340,1723843340,5830,5852,1,1,0,0,0.4761904776096343,0,1,0,0,best game ever
185232082,schinese,1,1736486695,1736486695,48424,74987,3,1,0,0,0.5,0,1,0,0,1
170531329,schinese,0,1721714957,1721714957,195,13161,71,9,0,0,0.5,0,1,0,0,sb服务器
221884793,schinese,0,1774669251,1774669291,43007,43007,218,12,1,1,0.5238095521926879,1,1,0,0,**ea，**重生。 以前冲了一大堆钱买皮肤买箱子出不来想要的弃坑玩ow去了。很久没玩了去年尝试登陆战地测试发现帐号被盗了，绑定邮箱被改了，填过两次表单都没有回复。又花钱找人代找回，结果号找回来了，apex被封禁了，盗号的拿去开挂了。又跑去申诉，申诉小作文敲了小十遍都发不出来，每次都未创建，让我等几小时再试。在线客服也是关闭的，没钱运营的。不会再尝试了，司马ea
178876403,schinese,0,1731407961,1731407961,41081,109959,2,1,0,0,0.5,0,1,0,0,这个游戏每次更新都是问题 活动TM的疯狂出 修复也不修复 更新玩老卡 都不知道怎么玩 能不能吧心思放在游戏上面 能不能 官方 本来玩的人越来越少了 还这样
190973766,schinese,1,1742725927,1742725927,41592,84671,40,1,0,1,0.5,0,1,0,0,虽然重生是一坨屎 但是他的apex好玩啊  
170626029,schinese,0,1721825010,1721825010,288,384,243,22,4,0,0.53721684217453,0,1,0,0,好玩
170456464,schinese,0,1721628419,1721628419,847,847,204,1,0,0,0.5,0,1,0,0,一坨
174444993,schinese,0,1725719537,1725719537,17468,29484,119,12,1,0,0.5238095521926879,0,1,0,0,世界上最垃圾的游戏
231728604,schinese,1,1785488444,1785488444,759,910,60,2,0,0,0.5,0,1,0,0,没错，这就是莫桑比克！有着霰弹枪里最多的10发子弹，升级之后更是有12发，子弹又多、射速又快、换弹又快，如果有金栓的话一边滑铲一边开枪，滑的越远子弹越多，子弹越多打人越多，左手开枪右手上弹，左枪伤害高右枪高伤害，子弹扩散小，某些枪只能打个位数，它一枪50两枪100，别的喷子开一枪它能开三枪，我一梭子还没打完，它三枪我已经匹配进下一把游戏了，再加上是动力小子的话，他扎个针过来，芜湖！non terrae plus ultra！然后端着莫桑比克对着你 bia bia bia bia bia bia，甚至再来个bug一枪等于开两枪子弹，我真是啊啊啊啊啊啊啊——
175076427,schinese,0,1726464852,1726464852,48402,65197,2,1,0,0,0.5,0,1,0,0,一坨答辩
174782084,schinese,0,1726129093,1726129093,67116,82644,25,3,0,0,0.5,0,1,0,0,你就像个独一无二的p，翻找几个都没让我动情；可你又来者不拒，什么冲击波挂钩是一点都不理，狠狠的被通烂服务器；byd我玩的FPS游戏，不是来品尝我被牛头人的构式galgame
227380754,schinese,0,1780812858,1780812858,80334,85733,24,1,0,0,0.5,0,1,0,0,3213  2
172150881,schinese,0,1723695763,1723695763,72605,73204,89,3,0,0,0.5,0,1,0,0,不好玩
235374599,schinese,0,1789532620,1789532620,15070,15070,89,2,1,0,0.5023201704025269,0,1,0,0,误封等解封
222933793,schinese,1,1775816016,1775816016,11170,30615,8,1,0,0,0.5,0,1,0,0,HAOWAN
170683038,schinese,0,1721889087,1721889087,53560,55990,42,1,1,0,0.5238095521926879,0,1,0,0,巧克力味的史还是史，回调通行证也只能说是历史必然性下重生做出的违背他圈钱意图的举措，永远改变不了这个工作室就是依托臭答辩的客观事实
181439898,schinese,1,1733105556,1764321512,55768,72046,83,2,0,0,0.4898218810558319,0,1,0,0,good jpb
170536540,schinese,0,1721722112,1784116033,27837,28283,52,3,0,0,0.5,0,1,0,0,求重生报个建模课吧
227490144,schinese,1,1780928914,1780928914,643,4623,9,1,0,0,0.5,0,1,0,0,竞技性高
178485579,schinese,0,1730872725,1730872725,99687,122253,63,2,0,0,0.5,0,1,0,0,屎
170396930,schinese,0,1721566540,1721566540,42102,60571,41,1,0,0,0.5,0,1,0,0,依托答辩
170370916,schinese,0,1721538033,1721538033,53029,77626,0,2,0,0,0.5,0,1,0,0,一坨屎
186263088,schinese,0,1737683466,1749211835,81816,97267,16,1,0,0,0.5,0,1,0,0,EA 的浮木依然在消失
170476379,schinese,0,1721652993,1721652993,81207,104404,12,1,0,0,0.5,0,1,0,0,垃圾游戏
170414238,schinese,0,1721580115,1721580115,39903,77544,142,4,0,0,0.5,0,1,0,0,♥♥♥♥
218203352,schinese,1,1770971246,1770971246,764,33673,11,3,0,0,0.5,0,1,0,0,除了服务器真的烂，其他真的太完美了  
190455053,schinese,1,1742217101,1742217101,2700,21816,62,7,0,0,0.5,0,1,0,0,HAOWAN  
178510762,schinese,0,1730911492,1730911492,56758,76258,0,1,0,0,0.5,0,1,0,0,"Man,What can i say?  Integrity error 0x8000002 Apex exited due to an external tool that jeopardizes gameplay integrity.  Please exit any problematic software before running Apex. This may include scripting software, virtual controllers, debuggers, or reverse engineering tools."
170395504,schinese,0,1721565310,1721565310,186,188,99,5,0,0,0.5,0,1,0,0,.……..… /´¯/)………....(\¯`\ ……….../….//……….. …\\….\ ………../….//………… ….\\….\ …../´¯/…./´¯\………../¯ `\….\¯`\ .././.../…./…./.|_……_|.\….\….\…\.\ (.(….(….(…./.)..)..(..(.\….)….)….).) .\…………….\/../…..\....\/…………../ ..\…………….. /……..\…………….../ …\…………... (...…….)……………./
170539121,schinese,0,1721725566,1721725566,55217,59145,0,1,0,0,0.5,0,1,0,0,构式重生，md又卡又恶心，一天登一次，一次三分钟《上线匹配断线挂机禁赛十分钟》出生重生，好好的游戏被搞成依托狗食  
175515726,schinese,0,1726986998,1726986998,114720,133158,20,1,0,0,0.5,0,1,0,0,打5把掉3把，服务器像坨。掉了的理由也千奇百怪一下反作弊未运行(是我关掉的吗）一下服务器又tm炸了，一等又是10分钟，开了加速器loss还一直跳，真搞不懂玩到现在都不能把这b服务器好好弄一下怎么回事。又想圈钱又不舍得出钱维护一下，等下一个手感打击感比这个好的游戏一出apex就等着凉吧
189249558,schinese,0,1740991407,1740991407,55286,60941,24,1,0,0,0.5,0,1,0,0,屎
234280960,schinese,1,1788320786,1788320786,2986,6017,0,2,0,0,0.5,0,1,0,0,nb
210326587,schinese,1,1764050916,1764050916,179440,201735,755,2,0,0,0.5,0,1,0,0,还能回到从前吗
170472842,schinese,0,1721649436,1726630214,61767,87234,21,1,0,0,0.5,0,1,0,0,1
198817656,schinese,0,1751538324,1751538324,6467,15246,132,22,0,0,0.5,0,1,0,0,fps游戏里独一无二的手感，音效也是非常喜欢，可惜运营一坨。
214326474,schinese,1,1766831859,1766831859,1777,1859,67,5,0,0,0.5,0,1,0,0,好玩
170372171,schinese,0,1721539665,1721539665,1422,1422,5,1,0,0,0.5,0,1,0,0,挂哥一堆，官方脑瘫狗都不玩
170441960,schinese,0,1721609301,1721609301,22322,23825,109,1,1,0,0.5238095521926879,0,1,0,0,垃圾中的垃圾 傻逼中的傻逼
172315402,schinese,0,1723898927,1723898927,38674,48428,38,2,0,0,0.5,0,1,0,0,纯煞笔
190890502,schinese,1,1742649896,1742649896,91273,95109,10,2,1,0,0.5199999809265136,0,1,0,0,简直是一坨
170478171,schinese,0,1721654680,1721654680,55735,64193,158,2,1,1,0.5238095521926879,0,1,0,0,和我的人生一样烂！ 
194046726,schinese,1,1746188156,1746188156,56132,81037,76,1,0,0,0.5,2,1,0,0,最好玩的大逃杀，唯一坚持下来的fps游戏。马上就要25赛季了，这也是我打apex的第十个赛季，在里面认识了好多朋友，不多说了，我会一直玩下去的。
219870482,schinese,1,1772705434,1772705434,45183,59838,1,1,0,0,0.5,0,1,0,0,又爱又恨
170899519,schinese,0,1722101603,1722101603,23849,34974,38,9,2,0,0.52173912525177,0,1,0,0,M! 🟦🟦🟦🟦🟫🟫🟫🟦🟦🟦🟦 🟦🟦🟦🟫🟫🟫🟫🟫🟦🟦🟦 🟦🟦🟦🟫🟫🟫🟫🟫🟦🟦🟦 🟦🟦🟦🟫🟫🟫🟫🟫🟦🟦🟦 🟦🟦🟦🟫🟫🟫🟫🟫🟦🟦🟦 🟦🟦🟦🟦🟫🟫🟫🟦🟦🟦🟦 🟦🟨🟨🟫🟫🟫🟫🟫🟨🟨🟦 🟫🟨🟨🟨🟫🟫🟫🟨🟨🟨🟫 🟫🟨🟨🟨🟨🟨🟨🟨🟨🟨🟫 🟫🟨🟨🟨🟨🟨🟨🟨🟨🟨🟫 🟫🟨🟪🟪🟪🟨🟪🟨🟪🟨🟫 🟫🟨🟨🟨🟪🟨🟪🟨🟪🟨🟫 🟫🟨🟪🟪🟪🟨🟪🟪🟪🟨🟫 🟫🟨🟪🟨🟨🟨🟨🟨🟪🟨🟫 🟫🟨🟪🟪🟪🟨🟨🟨🟪🟨🟫 🟫🟨🟨🟨🟨🟨🟨🟨🟨🟨🟫 
170873545,schinese,0,1722077185,1722077185,13077,17015,321,45,0,0,0.5,0,1,0,0,在这里你不仅可以享受赛事级服务器，还能和诸多天才少年进行PK。 甚至能得到三连红色传家宝 
185694075,schinese,0,1737009615,1737009615,19697,20244,0,1,0,0,0.5,0,1,0,0,挂多，又不搞好环境！垃圾游戏！
171135049,schinese,0,1722392129,1723270056,24274,31208,48,1,1,0,0.5,0,1,0,0,可能换换你在破图，一天全是一张图，强制人玩真恶心。
204314545,schinese,1,1757848932,1757848932,189,1705,13,2,0,0,0.5,0,1,0,0,n
200867733,schinese,1,1753648523,1753648523,282,2693,186,3,0,0,0.5,0,1,0,0,使我的小脑旋转
170483674,schinese,0,1721659710,1721659710,611,8117,25,2,0,0,0.5,0,1,0,0,狗屎
170680049,schinese,0,1721884367,1721884367,36010,38834,65,1,0,0,0.5,0,1,0,0,傻逼重生
178484370,schinese,0,1730870176,1730870176,122481,168878,0,1,0,0,0.5,0,1,0,0,差评差评垃圾游戏 
178485863,schinese,0,1730873352,1730873352,44276,55223,216,18,1,0,0.5016611218452453,0,1,0,0,珠笔游戏，重生使我网络快乐
198729397,schinese,1,1751456903,1751456903,1611,8640,11,5,0,0,0.5,0,1,0,0,豪丸！！！
170408708,schinese,0,1721575634,1721575634,60398,62603,78,2,0,0,0.5,0,1,0,0,伟大 无需多言
170708758,schinese,0,1721918279,1721918279,103852,123981,0,2,0,0,0.5,0,1,0,0,煞笔策划 
192664707,schinese,1,1744553991,1744553991,1470,1757,52,3,0,0,0.5,0,1,0,0,要是给国内代理就好了。。
170414071,schinese,0,1721579968,1721579968,140,155,16,2,1,0,0.5238095521926879,0,1,0,0,游戏很好，ea很X
227214354,schinese,1,1780642898,1780642898,16431,30813,1,1,0,0,0.5,0,1,0,0,神人bug能不能修  
203048819,schinese,0,1756390252,1756390252,284,626,21,11,0,0,0.5,0,1,0,0,low  
170456477,tchinese,0,1721628438,1721628438,27940,36886,0,4,0,0,0.5,0,1,0,0,垃圾
170362621,tchinese,0,1721527600,1721527600,161483,247429,76,4,0,0,0.5,0,1,0,0,一個好遊戲，被貪婪的公司摧毀
123583831,tchinese,1,1665316152,1665316152,36234,96510,0,1,0,0,0.5,0,1,0,0,好玩一直玩
147497765,tchinese,1,1696246421,1696246421,17417,17572,0,1,0,0,0.5,0,1,0,0,原地愛上
199397744,tchinese,1,1752092218,1752092218,28223,67046,0,1,1,0,0.5238095521926879,0,1,0,0,6
151476899,tchinese,1,1700801273,1700801273,16799,25036,0,2,0,0,0.5,0,1,0,0,GOOD
116671997,tchinese,1,1654688699,1654688699,3554,20651,13,1,0,0,0.5,0,1,0,0,自從第一次遊玩就愛上了這款遊戲 非常推薦!!!!
124862160,tchinese,0,1667445463,1667445463,21754,53697,0,3,1,0,0.5238095521926879,0,1,0,0,伺服器真的太爛 1場卡住超過3次
117739551,tchinese,1,1656353454,1656353454,34841,50947,0,1,0,0,0.5,0,1,0,0,垃圾遊戲一定每天玩
138700051,tchinese,0,1684687656,1684687656,55404,158866,0,1,0,0,0.5,0,1,0,0,伺服器卡成這樣還要不要玩 外包給其他家公司也不要都不管阿 總之一堆人抽傳家寶 就一直賺爽爽
209401281,tchinese,0,1763310834,1764432636,13087,36992,62,2,0,0,0.5,0,1,0,0,play this game is gay bro ♥♥♥♥ fking ♥♥♥♥ bulllllllllllllllll rubbish LGBT
177109964,tchinese,1,1729014407,1729014407,2385,35004,0,1,0,0,0.5,0,1,0,0,666666666666666666666666666666666666666666666666666666666
108798700,tchinese,1,1643175485,1643175485,15924,59273,29,1,0,0,0.5,0,1,0,0,good game 
170717686,tchinese,0,1721926373,1721926373,35202,52902,66,1,0,0,0.5,0,1,0,0,"good game,♥♥♥♥ server,♥♥♥♥ ea"
107125915,tchinese,0,1641118215,1641118215,643,1005,20,1,0,1,0.4945055246353149,0,1,0,0,太難了
170457726,tchinese,0,1721630298,1721630298,125020,130960,110,10,0,0,0.5,0,1,0,0,當你覺得他已經不能再爛了，呵呵
110094872,tchinese,1,1644702424,1644702424,2994,162519,0,1,0,0,0.5,0,1,0,0,好玩
115604667,tchinese,0,1652812156,1756139345,129288,147312,0,1,0,0,0.5,0,1,0,0,不好玩
124219156,tchinese,0,1666448620,1666448620,52716,72778,201,2,0,0,0.5,0,1,0,0,trash game
131394318,tchinese,0,1674468259,1674468259,173,173,0,1,0,0,0.5,0,1,0,0,"垃圾，玩這麼多槍GAME,這個最不好玩,霸佔我內存,秒刪除"
105971368,tchinese,0,1639743935,1639743935,69207,120645,94,3,0,1,0.5,0,1,0,0,狗屎
110285638,tchinese,0,1644922229,1644922229,11659,32855,0,1,0,0,0.5,0,1,0,0,別人炸魚炸爽爽
169685435,tchinese,0,1720793135,1720793135,68408,81503,0,4,0,0,0.5,0,1,0,0,外掛那些有的沒的我還能忍，但這個通行證我就忍不了
175945677,tchinese,1,1727526796,1727526796,20655,26631,37,12,1,0,0.5238095521926879,0,1,0,0,沒玩明白
115285724,tchinese,1,1652246720,1652246720,3403,9409,0,2,0,0,0.5,0,1,0,0,遊戲多元
115769816,tchinese,1,1653110698,1653110698,27045,75528,0,1,0,0,0.5,0,1,0,0,挑戰500級沒有傳家寶
120242870,tchinese,1,1659907054,1659907054,12901,74293,153,14,0,0,0.5,0,1,0,0,不錯
170577613,tchinese,0,1721763746,1721763746,143842,192667,3,1,1,0,0.5,0,1,0,0,⠀⠀⠀⠀⠀⠀⣰⣾⠁⠀⢦⣾⣤⠆⠀⠻⣧⠀⠀⠀⠀⠀⠀ ⠀⠀⠀⠀⢠⣼⠏⠀⠀⠀⠀⣿⡇⠀⠀⠀⠈⢷⣄⠀⠀⠀⠀ ⠀⠀⢀⣸⣿⠃⠀⠀⠀⠀⠀⣿⡇⠀⠀⠀⠀⠀⢿⣧⡀⠀⠀ ⠀⢰⣾⣿⡁⠀⠀⠀⠀⠀⠀⣿⡇⠀⠀⠀⠀⠀⢀⣿⣿⠖⠀ ⠀⠀⠈⠻⣿⣦⣄⠀⠀⠀⠀⣿⡇⠀⠀⠀⢀⣴⣿⠟⠁⠀⠀ ⠀⠀⠀⠀⠈⠻⢿⣷⣄⡀⠀⣿⡇⠀⣠⣾⣿⠟⠁⠀⠀⠀⠀ ⠀⠀⠀⠀⠀⠀⠀⠙⢿⣿⣦⣿⣧⣾⣿⠟⠁⠀⠀⠀⠀⠀⠀ ⠀⠀⠀⠀⠀⠀⠀⠀⠀⢙⣿⣿⣿⣿⡀⠀⠀⠀⠀⠀⠀⠀⠀ ⠀⠀⠀⠀⠀⠀⠀⢀⣴⣿⣿⣿⣿⣿⣿⣦⡀⠀⠀⠀⠀⠀⠀ ⠀⠀⠀⠀⠀⢀⣴⣿⣿⠟⠁⣻⣿⠈⠙⢿⣿⣦⡀⠀⠀⠀⠀ ⠀⠀⠀⢀⣴⣿⡿⠋⠀⠀⠀⣽⣿⠀⠀⠀⠙⢿⣿⣦⣄⠀⠀ ⠀⣠⣴⣿⡿⠋⠀⠀⠀⠀⠀⢼⣿⠀⠀⠀⠀⠀⠈⢻⣿⣷⣄ ⠈⠙⢿⣿⣦⣄⠀⠀⠀⠀⠀⢸⣿⠀⠀⠀⠀⠀⣠⣾⣿⠟⠁ ⠀⠀⠀⠙⢿⣿⣷⣄⠀⠀⠀⢸⣿⠀⠀⠀⣠⣾⣿⠟⠁⠀⠀ ⠀⠀⠀⠀⠀⠙⢻⣿⣷⡄⠀⢸⣿⠀⠀⣼⣿⣿⠃⠀⠀⠀⠀ ⠀⠀⠀⠀⠀⠀⠈⠻⢿⣿⣦⣸⣿⣠⣾⣿⠟⠁⠀⠀⠀⠀⠀ ⠀⠀⠀⠀⠀⠀⠀⠀⠈⠙⢿⣿⣿⣿⡿⠁⠀⠀⠀⠀⠀⠀⠀ ⠀⠀⠀⠀⠀⠀⠀⠀⠀⠀⠀⠙⠿⠋⠀⠀⠀⠀⠀⠀⠀⠀⠀
149374571,tchinese,0,1698934517,1698934517,7097,20824,82,2,0,0,0.5,0,1,0,0,"♥♥♥♥ you Respawn,you guys ♥♥♥♥♥♥♥ ruined this game,why not listening to players'advice?Why can't you fix the server?"
170617188,tchinese,0,1721814976,1721814976,123072,176036,0,2,1,0,0.5057033896446228,0,1,0,0,sb東西
117386238,tchinese,1,1655861596,1655861596,13119,43749,0,1,0,0,0.5,0,1,0,0,緊張又刺激的遊戲，讓人玩了一次又想再玩，傳家寶也是真的帥，抽到的機率低到不能再低，真的是太棒了。
126980735,tchinese,1,1669454433,1669454433,60700,1733495,102,3,0,0,0.5,0,1,0,0,🍟
124158863,tchinese,0,1666358564,1666358564,11928,25344,0,1,0,0,0.5,0,1,0,0,爛伺服器
122966924,tchinese,0,1664378534,1664378534,2339,129247,0,1,0,0,0.5,0,1,0,0,垃圾遊戲 鄵  動不動就卡 一堆外掛 幹你老師
178187621,tchinese,0,1730492911,1730492911,67602,71494,0,12,3,0,0.5384615659713745,0,1,0,0,#1被誤鎖 求助無門 真有你的EA
209634036,tchinese,1,1763571867,1763571867,55758,61993,0,2,0,0,0.5,0,1,0,0,好玩欸
124889074,tchinese,0,1667493806,1667493819,17,806,255,28,0,0,0.5,0,1,0,0,no
120380425,tchinese,1,1660121146,1660752747,11184,25465,98,3,0,1,0.4761904776096343,0,1,0,0,單排狗分的時候會有人鎖爛你的恐怖遊戲
127019067,tchinese,1,1669467328,1669467328,8041,43555,0,13,0,0,0.5,0,1,0,0,免費 
230095797,tchinese,1,1783661187,1783661187,3156,11959,0,3,0,0,0.5,0,1,0,0,www
170237804,tchinese,0,1721392435,1721392435,164655,209253,0,2,0,0,0.5,0,1,0,0,...
138663332,tchinese,0,1684646486,1684646486,8119,9773,0,1,1,0,0.5027675628662109,0,1,0,0,伺服器超爛，整天炸鍋! 爛透了
112387535,tchinese,0,1647571322,1647571322,7803,35608,0,1,0,0,0.5,0,1,0,0,~
201564452,tchinese,1,1754480950,1754480950,5461,14466,0,2,0,0,0.5,0,1,0,0,好玩遊戲
121116995,tchinese,0,1661268046,1721481182,52043,101901,98,18,0,0,0.543379008769989,1,1,0,0,17季席爾改得真好。她媽被完全無技術性可言。被框到就是死。這是史上最爛的改版
199785195,tchinese,0,1752501717,1752501717,162943,171838,0,1,0,0,0.5,0,1,0,0,大便遊戲
134038649,tchinese,1,1677929284,1677929284,967,4112,0,5,0,0,0.5,0,1,0,0,6
170561854,tchinese,0,1721749123,1721749123,103443,169338,67,2,0,0,0.5,0,1,0,0,等擬改更好我在評論好
140153689,tchinese,0,1686916849,1686916849,711,12149,0,3,0,0,0.5,0,1,0,0,伺服器有問題
144690629,tchinese,0,1692589305,1692589305,30560,35116,111,18,2,0,0.5454545617103576,0,1,0,0,[h1]幹你娘10個人5個透3個鎖剩下2個不開掛的傻逼是要玩三小 媽的EA垃圾斂財公司 整天出異色造型不修伺服器不ban掛 財報活該吃屎 [/h1]
131929406,tchinese,0,1675155923,1675155923,43810,107479,0,4,0,0,0.5,0,1,0,0,伺服器超爛 跟被狗幹過一樣
176681307,tchinese,1,1728459657,1728459657,437,853,0,1,0,0,0.5,0,1,0,0,nice
170495551,tchinese,0,1721670997,1721670997,59525,87569,0,2,0,0,0.5,0,1,0,0,要說甚麼 就是爛阿
127900383,tchinese,0,1670144241,1670144241,34048,93132,0,1,0,0,0.5,0,1,0,0,伺服器爛到爆炸
172541263,tchinese,1,1724140632,1724140632,19746,24121,250,11,1,2,0.4263094067573547,0,1,0,0,就算伺服器破爛，就算一堆Ch掛逼  我還是會玩這遊戲
125518860,tchinese,1,1668514240,1669798242,59661,105659,27,10,0,0,0.5,0,1,0,0,best fps bp game
130368643,tchinese,0,1673115424,1673115424,45486,203473,93,3,1,0,0.5,1,1,0,0,這是DDOS的遊戲吧  哪裡是Apex阿  89 64⣿⠟⠋⠄⠄⠄⠄⠄⠄⠄⢁⠈⢻⢿⣿⣿⣿89 64 89 64⣿⠃⠄⠄⠄⠄⠄⠄⠄⠄⠄⠄⠄⠈⡀⠭⢿⣿⣿⣿⣿ 89 64⡟⠄⢀⣾⣿⣿⣿⣷⣶⣿⣷⣶⣶⡆⠄⠄⠄⣿⣿⣿⣿ 89 64⡇⢀⣼⣿⣿⣿⣿⣿⣿⣿⣿⣿⣿⣧⠄⠄⢸⣿⣿⣿⣿ 89 64⣇⣼⣿⣿⠿⠶⠙⣿⡟⠡⣴⣿⣽⣿⣧⠄⢸⣿⣿⣿⣿ 89 64⣿⣾⣿⣿⣟⣭⣾⣿⣷⣶⣶⣴⣶⣿⣿⢄⣿⣿⣿⣿⣿ 89 64⣿⣿⣿⣿⡟⣩⣿⣿⣿⡏⢻⣿⣿⣿⣿⣿⣿⣿⣿⣿⣿ 89 64⣿⣿⣹⡋⠘⠷⣦⣀⣠⡶⠁⠈⠁⠄⣿⣿ 89 64 89 64⣿⣿⣍⠃⣴⣶⡔⠒⠄⣠⢀⠄⠄⠄⡨⣿ 89 64 89 64⣿⣿⣿⣦⡘⠿⣷⣿⠿⠟⠃⠄⠄⣠⡇⠈⠻89 64 89 64⡿⠟⠋⢁⣷⣠⠄⠄⠄⠄⣀⣠⣾⡟⠄⠄⠄⠄⠉⠙⠻ ⡿⠟⠋⠁⠄⠄⠄⢸⣿⣿⡯⢓⣴⣾⣿⣿⡟⠄⠄⠄⠄⠄⠄⠄⠄ ⠄⠄⠄⠄⠄⠄⠄⣿⡟⣷⠄⠹⣿⣿⣿⡿⠁⠄⠄⠄⠄⠄⠄⠄⠄
234611653,tchinese,0,1788693916,1788693916,74977,75894,32,3,1,0,0.5,0,1,0,0,一堆開小帳炸魚 遊戲平衡差
230999855,tchinese,1,1784661790,1784661790,30176,43729,17,1,3,0,0.5391659140586853,1,1,0,0,打击感和战斗方面没得说，但是重生能不能把服务器优化好了，不想带着三个传家宝游玩游戏
151889654,tchinese,1,1700939940,1700939940,133551,147858,0,2,0,0,0.5,0,1,0,0,寶底人我的超人 再不給我傳家寶 真的會哭出來
118807226,tchinese,0,1657815712,1657815712,7763,60959,0,2,1,0,0.5238095521926879,0,1,0,0,笑死 有人因名字問題被ban兩次
226070440,tchinese,1,1779374788,1779374788,25182,32206,0,2,0,0,0.5,0,1,0,0,nice.    
200214850,tchinese,1,1752999248,1752999248,65356,85896,0,1,1,0,0.52173912525177,0,1,0,0,6 
176196935,tchinese,1,1727842033,1727842033,5698,26625,0,2,2,0,0.5263158082962036,0,1,0,0,不錯的遊戲，掛不要那麼多會更好  
170706322,tchinese,0,1721916131,1721916131,203940,301724,0,1,1,0,0.5238095521926879,0,1,0,0,123
116650813,tchinese,0,1654639170,1654639170,50258,81484,0,1,0,0,0.5,0,1,0,0, ON9 GAME
165453324,tchinese,1,1715844646,1715844646,28300,41172,21,3,0,0,0.5,0,1,0,0,太骚啦，我要开始瑞兴啦
134480114,tchinese,1,1678551466,1678551466,46860,53673,181,23,0,1,0.5,0,1,0,0,玩這個遊戲的唯一好處就是會讓你更想玩其他遊戲
129770244,tchinese,1,1672487397,1672487397,7447,14541,24,1,0,0,0.5,0,1,0,0,好玩
115587694,tchinese,0,1652786071,1652786071,17298,17525,0,2,0,0,0.5,0,1,0,0,你他媽打到最後你的隊友就彈GAME人都沒了飛機都打不了
170086801,tchinese,0,1721225498,1721225498,108820,147354,0,1,0,0,0.5,0,1,0,0,                   ⢀⣤⣶⣶⣤⡀⠀⠀ ⠀⠀⠀⠀⠀⠀⠀⠀⣾⣿⣿⣿⣿⣿⡄⠀ ⠀⠀⠀⠀⠀⠀⠀⠀⠹⣿⣿⣿⣿⡿⠁⠀ ⠀⠀⠀⠀⠀⠀⠀⠀⠀⠈⠉⠉⠉⠀⠀⠀ ⠀⠀⠀⠀⠀⠀⠀⣰⣿⣿⣿⣦⠀⠀⠀⠀ ⠀⠀⠀⠀⠀⠀⣰⣿⣿⣿⣿⣿⠀⠀⠀⠀ ⠀⠀⠀⠀⠀⢰⣿⣿⣿⣿⣿⣿⡀⠀⠀⠀ ⠀⠀⠀⠀⢠⣿⣿⣿⣿⡿⣿⣿⣧⣀⠀⠀ ⠀⠀⠀⠀⢺⣿⣿⣿⣿⣧⣬⣻⢿⣿⣿⡦ ⠀⠀⠀⠀⠀⠙⠻⠿⢿⣿⣿⣿⣿⡏⠛⠁ ⠀⠀⠀⣀⠀⠀⠀⠀⠀⠀⣽⣿⡿⠁⠀⠀ ⠀⢀⡠⣿⣷⣤⡀⠀⠀⢸⣿⣿⠃⠀⠀⠀ ⠰⠿APEX⠿⠿⠇⠀⠠⠿⠿⠏
170570953,tchinese,0,1721757031,1721757031,8630,9469,0,3,0,0,0.5,0,1,0,0,老好玩了
193385082,tchinese,1,1745379645,1745379645,3728,33690,47,1,1,0,0.5161290168762207,0,1,0,0,owo
109828849,tchinese,1,1644378946,1644378946,3636,26215,0,1,0,0,0.5,0,1,0,0,沒有後座力讚啦 
119826506,tchinese,0,1659278459,1659279007,58168,179213,92,3,0,0,0.5,1,1,0,0,對新手十分不友善 剛玩就遇到鑽石大師 對新手毫無遊戲體驗 馬鈴薯伺服器時不時ping會超高 外掛也不少 讓普通玩家動不動就掰掰下一場
113522738,tchinese,0,1649423077,1649423077,20383,50294,0,1,0,0,0.5,0,1,0,0,重生你不会做服务器可不可以不做
122999517,tchinese,1,1664438546,1664438546,17958,84401,35,1,3,3,0.56521737575531,0,1,0,0,好玩遊戲，新手建議小幫手+哨兵配槍，去到哪裡殺到哪裡。
215546181,tchinese,0,1767948752,1768307415,42659,50968,0,6,0,0,0.5,0,1,0,0,把伺服器跟外掛搞好啦  只會割韭菜
123160878,tchinese,0,1664641547,1664641547,25904,38627,0,1,1,0,0.5238095521926879,0,1,0,0,伺服器那麼卡完甚麼? 
170322861,tchinese,0,1721486182,1721486182,82064,96015,56,3,0,0,0.5,0,1,0,0,i give up 
182032411,tchinese,0,1733488131,1733488131,128599,128601,0,3,0,0,0.5,0,1,0,0,被誤封 還不給解....
156787515,tchinese,1,1706194017,1706194017,661,1468,0,1,0,0,0.5,0,1,0,0,讚
126677076,tchinese,1,1669317136,1669317136,188680,260656,42,3,0,0,0.5,0,1,0,0,浪費了3000小時nice
118757225,tchinese,1,1657732480,1657732480,4201,13987,0,1,0,0,0.5,0,1,0,0,伺服器跟屎一樣 
157326776,tchinese,1,1706789501,1706789501,60000,80426,108,10,0,0,0.5,0,1,0,0,你說的都對 但我是滋蹦狗
138099706,tchinese,0,1683736487,1683736487,30074,44801,0,1,0,0,0.495207667350769,0,1,0,0,you should give a unique server for the china
170083300,tchinese,0,1721222356,1785501472,13769,13769,0,2,0,0,0.5,0,1,0,0,damn this game is so fxxking suck.It's worse than a piece of sxxt.  update at 26/05/30 it still suck ngl
131714634,tchinese,0,1674901762,1674902767,38223,48224,52,3,1,0,0.5,0,1,0,0,DDOS真好玩 ⣿⣿⣿⣿⣿⠟⠋⠄⠄⠄⠄⠄⠄⠄⢁⠈⢻⢿⣿⣿⣿⣿⣿⣿⣿ ⣿⣿⣿⣿⣿⠃⠄⠄⠄⠄⠄⠄⠄⠄⠄⠄⠄⠈⡀⠭⢿⣿⣿⣿⣿ ⣿⣿⣿⣿⡟⠄⢀⣾⣿⣿⣿⣷⣶⣿⣷⣶⣶⡆⠄⠄⠄⣿⣿⣿⣿ ⣿⣿⣿⣿⡇⢀⣼⣿⣿⣿⣿⣿⣿⣿⣿⣿⣿⣧⠄⠄⢸⣿⣿⣿⣿ ⣿⣿⣿⣿⣇⣼⣿⣿⠿⠶⠙⣿⡟⠡⣴⣿⣽⣿⣧⠄⢸⣿⣿⣿⣿ ⣿⣿⣿⣿⣿⣾⣿⣿⣟⣭⣾⣿⣷⣶⣶⣴⣶⣿⣿⢄⣿⣿⣿⣿⣿ ⣿⣿⣿⣿⣿⣿⣿⣿⡟⣩⣿⣿⣿⡏⢻⣿⣿⣿⣿⣿⣿⣿⣿⣿⣿ ⣿⣿⣿⣿⣿⣿⣹⡋⠘⠷⣦⣀⣠⡶⠁⠈⠁⠄⣿⣿⣿⣿⣿⣿⣿ ⣿⣿⣿⣿⣿⣿⣍⠃⣴⣶⡔⠒⠄⣠⢀⠄⠄⠄⡨⣿⣿⣿⣿⣿⣿ ⣿⣿⣿⣿⣿⣿⣿⣦⡘⠿⣷⣿⠿⠟⠃⠄⠄⣠⡇⠈⠻⣿⣿⣿⣿ ⣿⣿⣿⣿⡿⠟⠋⢁⣷⣠⠄⠄⠄⠄⣀⣠⣾⡟⠄⠄⠄⠄⠉⠙⠻ ⡿⠟⠋⠁⠄⠄⠄⢸⣿⣿⡯⢓⣴⣾⣿⣿⡟⠄⠄⠄⠄⠄⠄⠄⠄ ⠄⠄⠄⠄⠄⠄⠄⣿⡟⣷⠄⠹⣿⣿⣿⡿⠁⠄⠄⠄⠄⠄⠄⠄⠄
214900333,tchinese,0,1767344904,1767344904,53868,54307,0,3,0,0,0.5,0,1,0,0,爛
155684748,tchinese,0,1704890228,1721309228,19518,67105,0,1,1,0,0.5238095521926879,0,1,0,0,媽的 垃圾伺服器配垃圾掛狗不要花時間在這上面 改的通行證一定要花錢 怎麼不去搶銀行比較快
229933131,tchinese,0,1783513589,1783513589,49168,49168,32,1,1,0,0.5238095521926879,0,1,0,0,2077聯動造型醜到多看一眼就會爆炸
180178403,tchinese,1,1732757901,1732757901,44460,45850,0,2,0,0,0.4761904776096343,0,1,0,0,123
140544429,tchinese,1,1687512553,1687512553,475,11277,49,11,0,0,0.5,0,1,0,0,good
145048387,tchinese,0,1693044794,1693044794,230,249,0,1,0,0,0.5,0,1,0,0,沙逼服務器
116273575,tchinese,0,1653972536,1653972536,29813,68641,0,15,2,0,0.5394737124443054,0,1,0,0,EA出品
111821972,tchinese,1,1646768897,1646768897,28854,123453,0,3,0,0,0.5,0,1,0,0,6
103268454,tchinese,0,1637583185,1637583185,9588,114626,0,1,0,0,0.5,0,1,0,0,新地圖感覺就很趕得出來 新賽季一對BUG打人不扣血矮牆爬不上去
134041236,tchinese,1,1677932099,1677932099,269,285,0,7,0,0,0.5,0,1,0,0,請當作休閒玩，因為外掛還是一堆！
148554930,tchinese,0,1697824697,1697824697,39602,46777,0,3,1,0,0.513729989528656,0,1,0,0,垃圾遊戲一堆死媽外掛他媽的伺服器比台灣政客的腦還要破
222143156,tchinese,1,1774918518,1774918518,109,717,6,3,0,0,0.5,0,1,0,0,higood
